run_id,profile_id,experiment_elapsed_s,event_type,sequence_number,detail
"outoforder_r01","outoforder",0,"measurement_started",-1,"outoforder"
"outoforder_r01","outoforder",0.798946,"snapshot_rejected",969,"out_of_order_sequence"
"outoforder_r01","outoforder",1.132931,"snapshot_rejected",979,"out_of_order_sequence"
"outoforder_r01","outoforder",1.999146,"snapshot_rejected",1005,"out_of_order_sequence"
"outoforder_r01","outoforder",2.366226,"snapshot_rejected",1016,"out_of_order_sequence"
"outoforder_r01","outoforder",3.066021,"snapshot_rejected",1037,"out_of_order_sequence"
"outoforder_r01","outoforder",3.233303,"snapshot_rejected",1042,"out_of_order_sequence"
"outoforder_r01","outoforder",3.865719,"snapshot_rejected",1061,"out_of_order_sequence"
"outoforder_r01","outoforder",4.100716,"snapshot_rejected",1068,"out_of_order_sequence"
"outoforder_r01","outoforder",4.733807,"snapshot_rejected",1087,"out_of_order_sequence"
"outoforder_r01","outoforder",5.132828,"snapshot_rejected",1099,"out_of_order_sequence"
"outoforder_r01","outoforder",5.332424,"snapshot_rejected",1105,"out_of_order_sequence"
"outoforder_r01","outoforder",5.43232,"snapshot_rejected",1108,"out_of_order_sequence"
"outoforder_r01","outoforder",5.932613,"snapshot_rejected",1123,"out_of_order_sequence"
"outoforder_r01","outoforder",6.299309,"snapshot_rejected",1134,"out_of_order_sequence"
"outoforder_r01","outoforder",6.998615,"snapshot_rejected",1155,"out_of_order_sequence"
"outoforder_r01","outoforder",7.399548,"snapshot_rejected",1167,"out_of_order_sequence"
"outoforder_r01","outoforder",7.766033,"snapshot_rejected",1178,"out_of_order_sequence"
"outoforder_r01","outoforder",8.832706,"snapshot_rejected",1210,"out_of_order_sequence"
"outoforder_r01","outoforder",10.03294,"snapshot_rejected",1246,"out_of_order_sequence"
"outoforder_r01","outoforder",10.799019,"snapshot_rejected",1269,"out_of_order_sequence"
"outoforder_r01","outoforder",13.365826,"snapshot_rejected",1346,"out_of_order_sequence"
"outoforder_r01","outoforder",13.766727,"snapshot_rejected",1358,"out_of_order_sequence"
"outoforder_r01","outoforder",14.333298,"snapshot_rejected",1375,"out_of_order_sequence"
"outoforder_r01","outoforder",14.700134,"snapshot_rejected",1386,"out_of_order_sequence"
"outoforder_r01","outoforder",15.200123,"snapshot_rejected",1401,"out_of_order_sequence"
"outoforder_r01","outoforder",15.633114,"snapshot_rejected",1414,"out_of_order_sequence"
"outoforder_r01","outoforder",17.000038,"snapshot_rejected",1455,"out_of_order_sequence"
"outoforder_r01","outoforder",17.999619,"snapshot_rejected",1485,"out_of_order_sequence"
"outoforder_r01","outoforder",18.032509,"snapshot_rejected",1486,"out_of_order_sequence"
"outoforder_r01","outoforder",18.266018,"snapshot_rejected",1493,"out_of_order_sequence"
"outoforder_r01","outoforder",19.00013,"snapshot_rejected",1515,"out_of_order_sequence"
"outoforder_r01","outoforder",24.799915,"snapshot_rejected",1689,"out_of_order_sequence"
"outoforder_r01","outoforder",25.265907,"snapshot_rejected",1703,"out_of_order_sequence"
"outoforder_r01","outoforder",25.298828,"snapshot_rejected",1704,"out_of_order_sequence"
"outoforder_r01","outoforder",26.499226,"snapshot_rejected",1740,"out_of_order_sequence"
"outoforder_r01","outoforder",26.966518,"snapshot_rejected",1754,"out_of_order_sequence"
"outoforder_r01","outoforder",27.034115,"snapshot_rejected",1756,"out_of_order_sequence"
"outoforder_r01","outoforder",27.968769,"snapshot_rejected",1784,"out_of_order_sequence"
"outoforder_r01","outoforder",28.902111,"snapshot_rejected",1812,"out_of_order_sequence"
"outoforder_r01","outoforder",29.968727,"snapshot_rejected",1844,"out_of_order_sequence"
"outoforder_r01","outoforder",30.068745,"snapshot_rejected",1847,"out_of_order_sequence"
"outoforder_r01","outoforder",31.33548,"snapshot_rejected",1885,"out_of_order_sequence"
"outoforder_r01","outoforder",32.268623,"snapshot_rejected",1913,"out_of_order_sequence"
"outoforder_r01","outoforder",32.868713,"snapshot_rejected",1931,"out_of_order_sequence"
"outoforder_r01","outoforder",33.035805,"snapshot_rejected",1936,"out_of_order_sequence"
"outoforder_r01","outoforder",33.868629,"snapshot_rejected",1961,"out_of_order_sequence"
"outoforder_r01","outoforder",34.335289,"snapshot_rejected",1975,"out_of_order_sequence"
"outoforder_r01","outoforder",35.835037,"snapshot_rejected",2020,"out_of_order_sequence"
"outoforder_r01","outoforder",36.668655,"snapshot_rejected",2045,"out_of_order_sequence"
"outoforder_r01","outoforder",36.768715,"snapshot_rejected",2048,"out_of_order_sequence"
"outoforder_r01","outoforder",37.868675,"snapshot_rejected",2081,"out_of_order_sequence"
"outoforder_r01","outoforder",39.50209,"snapshot_rejected",2130,"out_of_order_sequence"
"outoforder_r01","outoforder",40.101959,"snapshot_rejected",2148,"out_of_order_sequence"
"outoforder_r01","outoforder",40.268608,"snapshot_rejected",2153,"out_of_order_sequence"
"outoforder_r01","outoforder",40.301926,"snapshot_rejected",2154,"out_of_order_sequence"
"outoforder_r01","outoforder",40.7686,"snapshot_rejected",2168,"out_of_order_sequence"
"outoforder_r01","outoforder",41.535561,"snapshot_rejected",2191,"out_of_order_sequence"
"outoforder_r01","outoforder",41.568665,"snapshot_rejected",2192,"out_of_order_sequence"
"outoforder_r01","outoforder",42.735512,"snapshot_rejected",2227,"out_of_order_sequence"
"outoforder_r01","outoforder",44.035774,"snapshot_rejected",2266,"out_of_order_sequence"
"outoforder_r01","outoforder",44.168625,"snapshot_rejected",2270,"out_of_order_sequence"
"outoforder_r01","outoforder",44.73526,"snapshot_rejected",2287,"out_of_order_sequence"
"outoforder_r01","outoforder",45.301994,"snapshot_rejected",2304,"out_of_order_sequence"
"outoforder_r01","outoforder",45.50193,"snapshot_rejected",2310,"out_of_order_sequence"
"outoforder_r01","outoforder",45.701996,"snapshot_rejected",2316,"out_of_order_sequence"
"outoforder_r01","outoforder",45.935379,"snapshot_rejected",2323,"out_of_order_sequence"
"outoforder_r01","outoforder",46.468536,"snapshot_rejected",2339,"out_of_order_sequence"
"outoforder_r01","outoforder",48.035225,"snapshot_rejected",2386,"out_of_order_sequence"
"outoforder_r01","outoforder",48.168724,"snapshot_rejected",2390,"out_of_order_sequence"
"outoforder_r01","outoforder",48.202469,"snapshot_rejected",2391,"out_of_order_sequence"
"outoforder_r01","outoforder",48.735283,"snapshot_rejected",2407,"out_of_order_sequence"
"outoforder_r01","outoforder",49.801834,"snapshot_rejected",2439,"out_of_order_sequence"
"outoforder_r01","outoforder",50.401909,"snapshot_rejected",2457,"out_of_order_sequence"
"outoforder_r01","outoforder",50.768486,"snapshot_rejected",2468,"out_of_order_sequence"
"outoforder_r01","outoforder",50.901924,"snapshot_rejected",2472,"out_of_order_sequence"
"outoforder_r01","outoforder",51.60186,"snapshot_rejected",2493,"out_of_order_sequence"
"outoforder_r01","outoforder",52.301888,"snapshot_rejected",2514,"out_of_order_sequence"
"outoforder_r01","outoforder",53.535202,"snapshot_rejected",2551,"out_of_order_sequence"
"outoforder_r01","outoforder",53.835068,"snapshot_rejected",2560,"out_of_order_sequence"
"outoforder_r01","outoforder",54.068535,"snapshot_rejected",2567,"out_of_order_sequence"
"outoforder_r01","outoforder",54.168541,"snapshot_rejected",2570,"out_of_order_sequence"
"outoforder_r01","outoforder",55.1008,"snapshot_rejected",2598,"out_of_order_sequence"
"outoforder_r01","outoforder",55.466423,"snapshot_rejected",2609,"out_of_order_sequence"
"outoforder_r01","outoforder",56.266243,"snapshot_rejected",2633,"out_of_order_sequence"
"outoforder_r01","outoforder",56.666641,"snapshot_rejected",2645,"out_of_order_sequence"
"outoforder_r01","outoforder",57.267227,"snapshot_rejected",2663,"out_of_order_sequence"
"outoforder_r01","outoforder",57.799316,"snapshot_rejected",2679,"out_of_order_sequence"
"outoforder_r01","outoforder",58.099319,"snapshot_rejected",2688,"out_of_order_sequence"
"outoforder_r01","outoforder",58.166328,"snapshot_rejected",2690,"out_of_order_sequence"
"outoforder_r01","outoforder",59.033615,"snapshot_rejected",2716,"out_of_order_sequence"
"outoforder_r01","outoforder",59.399643,"snapshot_rejected",2727,"out_of_order_sequence"
"outoforder_r01","outoforder",59.899612,"snapshot_rejected",2742,"out_of_order_sequence"
