controller,seed,manifest_id,target_duration_s,actual_duration_s,simulation_steps,route_progress_m,collision_count,collision_intervention_frames,minimum_ttc_s,minimum_clearance_m,emergency_stops,deadlock_duration_s,overtake_attempts,successful_overtakes,overtake_success_rate,mean_absolute_acceleration_mps2,maximum_absolute_jerk_mps3,mean_absolute_yaw_rate_deg_s,scenarios_encountered,scenarios_evaluable,scenarios_completed,scenario_successes,scenario_completion_rate,run_completed,error
Rule Controller,2026000,6cba0c1e0adbc0a8,300.0,300.0,6000,2111.558781422272,2,131,0.001733433384145138,-1.8281275666514833,6,9.700000000000003,9,6,0.6666666666666666,1.1005179654729846,100.0,2.7540830391546858,20,18,18,17,0.9444444444444444,True,
Hybrid ML Controller,2026000,6cba0c1e0adbc0a8,300.0,300.0,6000,2112.2879546419485,1,65,0.19903005509996757,0.851885158882396,7,6.349999999999985,10,8,0.8,0.9766640814530808,100.0,2.017623214285939,19,18,18,17,0.9444444444444444,True,
Rule Controller,2026001,e24554f00b307285,300.0,300.0,6000,2510.0505749389245,6,285,0.03128114003034592,-1.7079506810131768,4,23.800000000000203,13,9,0.6923076923076923,0.9905720999553154,100.0,3.0249877850528413,24,21,21,17,0.8095238095238095,True,
Hybrid ML Controller,2026001,e24554f00b307285,300.0,300.0,6000,2514.9476164201087,2,2,0.5381698316541775,1.1999999999999549,5,0.0,12,9,0.75,0.9780202787228399,100.0,2.2567797121113675,24,23,21,19,0.8260869565217391,True,
Rule Controller,2026002,52cd3cec91e58c2b,300.0,300.0,6000,2028.1068669120914,2,65,0.14680179760833068,1.1360304793452969,7,7.79999999999998,9,7,0.7777777777777778,1.074746381067356,100.0,2.0428467798271517,17,15,13,12,0.8,True,
Hybrid ML Controller,2026002,52cd3cec91e58c2b,300.0,300.0,6000,2301.436117486401,0,0,0.5544420917538888,1.3179350245924377,6,0.0,7,4,0.5714285714285714,1.0071075382185377,100.0,1.9317865138143138,22,18,18,18,1.0,True,
Rule Controller,2026003,76f534ed31711937,300.0,300.0,6000,2249.5351795742445,0,0,1.2325193320809578,0.5339466283664329,4,3.5499999999999954,9,6,0.6666666666666666,0.9992369627222372,100.0,2.4565050591740323,21,20,17,17,0.85,True,
Hybrid ML Controller,2026003,76f534ed31711937,300.0,300.0,6000,2257.8637362737013,2,67,0.19484133194226871,1.2000000000001823,4,0.0,9,5,0.5555555555555556,0.959956567528044,100.0,2.1873616956022217,20,16,16,15,0.9375,True,
Rule Controller,2026004,ae3c4174f1b3f564,300.0,300.0,6000,2285.6644503396174,3,14,0.1343862115362911,1.1686370305653542,6,6.999999999999983,11,8,0.7272727272727273,1.0204076872825465,100.0,2.301463969688758,21,19,17,15,0.7894736842105263,True,
Hybrid ML Controller,2026004,ae3c4174f1b3f564,300.0,300.0,6000,2208.6043352428946,4,134,0.0986296264684321,1.1728129793261663,8,4.099999999999993,8,3,0.375,1.1965046091951532,100.0,2.2760336742822806,19,18,16,13,0.7222222222222222,True,
Rule Controller,2026005,fb010e6d5160d8ca,300.0,300.0,6000,416.3370119904139,2,10059,0.008553901500081382,-1.875,1,0.0,2,2,1.0,2.6987082704244254,100.0,0.3928018056616231,4,4,3,2,0.5,True,
Hybrid ML Controller,2026005,fb010e6d5160d8ca,300.0,300.0,6000,2544.861345002583,3,98,0.2143481955634991,1.1447302164668478,8,6.399999999999985,9,8,0.8888888888888888,1.1450844332233667,100.0,2.309836675348658,25,24,24,22,0.9166666666666666,True,
Rule Controller,2026006,24e8be45c04fc6ad,300.0,300.0,6000,1874.3861967725416,1,30,0.9711344426141179,1.2000000000000002,5,14.950000000000077,7,3,0.42857142857142855,0.8537441001633305,100.0,1.9150472940231396,15,12,9,7,0.5833333333333334,True,
Hybrid ML Controller,2026006,24e8be45c04fc6ad,300.0,300.0,6000,1870.5046688477435,2,244,0.19176904912413867,1.1999999999999549,6,11.150000000000023,7,4,0.5714285714285714,0.7161449657587118,100.0,1.874697813725772,14,11,9,7,0.6363636363636364,True,
Rule Controller,2026007,4016c4557039c245,300.0,300.0,6000,2216.921715906954,3,57,0.14233382802292174,1.172155311316265,9,1.800000000000001,9,8,0.8888888888888888,1.133310275615648,100.0,2.1879611609644254,21,19,19,17,0.8947368421052632,True,
Hybrid ML Controller,2026007,4016c4557039c245,300.0,300.0,6000,1691.07883575854,0,0,0.5918415366620227,1.568314525429674,5,0.0,5,4,0.8,0.7405165056913682,100.0,1.2717382695392252,14,13,12,12,0.9230769230769231,True,
Rule Controller,2026008,0f455a0eb70eed51,300.0,300.0,6000,776.3258263599062,1,4074,0.030205624388613676,-1.875,3,0.0,3,2,0.6666666666666666,2.377956718671364,100.0,0.8484825626520657,7,7,6,6,0.8571428571428571,True,
Hybrid ML Controller,2026008,0f455a0eb70eed51,300.0,300.0,6000,2163.9796555098656,3,3,0.5393494317203148,1.1999999999999549,7,0.0,10,5,0.5,0.9372119582138084,100.0,2.2642186336416046,18,16,15,12,0.75,True,
Rule Controller,2026009,13999752418d93a1,300.0,300.0,6000,2512.0205216579097,3,10,1.180735019840852,-0.22588812190788143,9,0.0,9,5,0.5555555555555556,1.0735004948930627,100.0,1.972305773300733,24,22,22,20,0.9090909090909091,True,
Hybrid ML Controller,2026009,13999752418d93a1,300.0,300.0,6000,2098.524784837995,3,238,0.09303960198549381,1.144730216467353,9,6.499999999999985,11,6,0.5454545454545454,1.100243895306473,100.0,2.130627449407223,18,17,16,14,0.8235294117647058,True,
Rule Controller,2026010,b86d70353be65c4b,300.0,300.0,6000,2366.7470422689285,1,1,0.5882583467733763,1.2000000000000002,10,0.1,5,5,1.0,1.036171898434038,100.0,1.5568334175948273,23,21,20,19,0.9047619047619048,True,
Hybrid ML Controller,2026010,b86d70353be65c4b,300.0,300.0,6000,2358.292611669241,0,0,0.5254580377841692,1.4811573016948978,9,0.0,4,4,1.0,1.0569194753269424,100.0,1.5208190530085595,23,20,19,19,0.95,True,
Rule Controller,2026011,d5e9750986a470e1,300.0,300.0,6000,2380.696128448236,2,31,0.010642390785376422,0.005500000000003169,5,7.199999999999982,13,9,0.6923076923076923,1.0157957086895593,100.0,2.602485030872854,22,20,20,18,0.9,True,
Hybrid ML Controller,2026011,d5e9750986a470e1,300.0,300.0,6000,2480.2162281229816,2,81,0.16775162187685988,1.1999999999999549,8,0.0,10,6,0.6,1.0085040031043708,100.0,2.134109904289824,23,21,21,19,0.9047619047619048,True,
Rule Controller,2026012,b571f59ea9f353e7,300.0,300.0,6000,2269.062078215604,2,454,0.0017338946238306023,-0.9726610537614757,8,0.0,11,8,0.7272727272727273,1.3440064303102983,100.0,2.4285073074217873,21,20,19,18,0.9,True,
Hybrid ML Controller,2026012,b571f59ea9f353e7,300.0,300.0,6000,2336.3374641724886,3,84,0.1409818066952819,1.1447302164669397,7,0.44999999999999996,8,4,0.5,1.0597029362109893,100.0,2.2798576339095673,20,19,18,16,0.8421052631578947,True,
Rule Controller,2026013,5e23cde2c7cb48c3,300.0,300.0,6000,2637.022629468475,2,2,1.3397994251979735,1.2000000000000002,5,0.0,11,9,0.8181818181818182,0.8979108322059295,100.0,2.194505075508642,27,25,23,21,0.84,True,
Hybrid ML Controller,2026013,5e23cde2c7cb48c3,300.0,300.0,6000,2620.029767872917,1,107,0.20541359888006258,1.1565072416554159,6,0.0,8,4,0.5,0.8545202088183227,100.0,1.8106143835210107,26,25,22,21,0.84,True,
Rule Controller,2026014,11d1e103305716e0,300.0,300.0,6000,2240.610566900004,2,10,0.04143058584214949,0.061843307663036695,5,0.25,10,5,0.5,1.0184839490729969,100.0,2.718948768466413,23,20,18,17,0.85,True,
Hybrid ML Controller,2026014,11d1e103305716e0,300.0,300.0,6000,1904.5418009455373,3,22,0.5196775801755539,1.1999999999999549,4,0.0,8,4,0.5,0.6719343508444141,100.0,1.7194962936545946,15,11,10,8,0.7272727272727273,True,
Rule Controller,2026015,4c5e83899a24a5a1,300.0,300.0,6000,2596.5073863535886,3,29,0.04500912639887057,0.2969999999999935,7,0.3,10,9,0.9,1.0007851267312573,100.0,2.1995456423087303,25,22,22,19,0.8636363636363636,True,
Hybrid ML Controller,2026015,4c5e83899a24a5a1,300.0,300.0,6000,2077.642703289094,2,112,0.05643130567541456,0.8770668265700721,6,6.349999999999985,8,5,0.625,1.0288921236309918,100.0,1.9335483805106164,18,15,14,14,0.9333333333333333,True,
Rule Controller,2026016,5acfd03b52fc0011,300.0,300.0,6000,2678.3207061924736,1,43,0.15043478525009282,1.1435628962696527,7,3.2999999999999963,8,7,0.875,0.91519324623996,100.0,2.0766838227366584,30,27,27,26,0.9629629629629629,True,
Hybrid ML Controller,2026016,5acfd03b52fc0011,300.0,300.0,6000,2700.7795378729006,2,2,0.5971571795676561,1.1999999999999549,7,0.0,6,5,0.8333333333333334,0.9169967663489069,100.0,1.6648014957000312,31,27,27,25,0.9259259259259259,True,
Rule Controller,2026017,06fd1feafb0f6fcb,300.0,300.0,6000,2522.533019203201,3,130,0.14524186602481243,1.1439181545667119,8,10.050000000000008,9,7,0.7777777777777778,1.0322392657476684,100.0,2.450749747971936,26,24,24,22,0.9166666666666666,True,
Hybrid ML Controller,2026017,06fd1feafb0f6fcb,300.0,300.0,6000,2526.329893698513,2,18,0.33372810938640457,1.1413759655393476,8,0.0,9,5,0.5555555555555556,0.8993187577732111,100.0,1.8996151296903536,26,25,24,23,0.92,True,
Rule Controller,2026018,9ac026ca31e0430a,300.0,300.0,6000,2183.859039365706,4,144,0.12777050678907972,1.1429293892696462,7,20.85000000000016,10,7,0.7,1.0152213440352666,100.0,2.6871842978409566,23,18,17,13,0.7222222222222222,True,
Hybrid ML Controller,2026018,9ac026ca31e0430a,300.0,300.0,6000,2160.568702849648,2,76,0.19124610880882795,1.1999999999999549,6,2.3,8,6,0.75,1.007457700567441,100.0,1.846163223813961,23,18,17,15,0.8333333333333334,True,
Rule Controller,2026019,b857d13a11130b4d,300.0,300.0,6000,2182.04415194247,2,105,0.12945110537433627,1.1435628962696527,6,20.00000000000015,8,7,0.875,0.8784645026216445,100.0,2.251568520639482,18,17,15,13,0.7647058823529411,True,
Hybrid ML Controller,2026019,b857d13a11130b4d,300.0,300.0,6000,2203.70646138296,0,0,0.4253539728053792,1.3567051664048089,5,8.499999999999986,5,4,0.8,0.7410645978433291,100.0,1.5092672010324255,18,17,15,15,0.8823529411764706,True,
Rule Controller,2026020,6b7d25093f138274,300.0,300.0,6000,2385.122723845956,4,50,0.7128033080223376,1.1999999999999549,7,5.899999999999987,10,8,0.8,1.0469850363678672,100.0,2.179030228503925,25,22,22,17,0.7727272727272727,True,
Hybrid ML Controller,2026020,6b7d25093f138274,300.0,300.0,6000,1941.2910054007818,1,81,0.21900106313851037,1.1999999999999549,7,4.799999999999991,4,3,0.75,0.9350839363272747,100.0,1.5721459001271394,21,18,16,15,0.8333333333333334,True,
Rule Controller,2026021,1bde392d7686c27f,300.0,300.0,6000,2176.1078876602774,2,25,0.4255615145673713,1.2000000000000002,7,0.3,8,6,0.75,1.0639253975217773,100.0,1.9446894097247835,17,17,16,15,0.8823529411764706,True,
Hybrid ML Controller,2026021,1bde392d7686c27f,300.0,300.0,6000,1972.4328576752491,4,92,0.017076020727129007,-0.45764331189284313,7,0.0,7,2,0.2857142857142857,1.1965789301246026,100.0,2.732666148555455,17,16,14,11,0.6875,True,
Rule Controller,2026022,e683cdd99b319b1c,300.0,300.0,6000,2461.927856332132,0,0,0.04690717854424989,0.5776334114144144,7,0.0,9,7,0.7777777777777778,1.0292146283791093,100.0,2.348477027260363,24,22,22,22,1.0,True,
Hybrid ML Controller,2026022,e683cdd99b319b1c,300.0,300.0,6000,2353.2616848243315,2,128,0.10128142433015078,0.9741324619769651,8,6.699999999999984,6,4,0.6666666666666666,0.8511429886205111,100.0,2.206997413743691,22,21,19,19,0.9047619047619048,True,
Rule Controller,2026023,b2e9ee4cf3cbf449,300.0,300.0,6000,2499.436984350709,4,160,0.04872630918486455,-0.9829279617735889,8,7.649999999999981,13,13,1.0,1.1734319275165885,100.0,2.918133544646646,25,24,23,19,0.7916666666666666,True,
Hybrid ML Controller,2026023,b2e9ee4cf3cbf449,300.0,300.0,6000,2329.532098741745,2,96,0.11777590697011049,1.1335810711166996,7,3.999999999999994,9,8,0.8888888888888888,1.0716593584779488,100.0,1.87439116300856,24,21,21,19,0.9047619047619048,True,
Rule Controller,2026024,eccd46ee998c0eea,300.0,300.0,6000,1962.749190807338,2,105,0.14785798774817502,1.1439181545667119,6,11.500000000000028,8,6,0.75,0.8888068854016266,100.0,1.9598400838550152,18,16,13,11,0.6875,True,
Hybrid ML Controller,2026024,eccd46ee998c0eea,300.0,300.0,6000,1972.712559321184,2,167,0.11551668003945893,1.1565072416549367,7,8.299999999999983,6,3,0.5,0.8129525330611113,100.0,1.7924742353371892,18,15,13,12,0.8,True,
Rule Controller,2026025,445a2d0c7684d486,300.0,300.0,6000,2352.3842991618712,7,216,0.021150827482702025,0.040500000000009084,8,20.05000000000015,14,11,0.7857142857142857,1.0424846450037883,100.0,3.010126977670673,24,22,20,15,0.6818181818181818,True,
Hybrid ML Controller,2026025,445a2d0c7684d486,300.0,300.0,6000,2384.9328328390084,1,34,0.2836591828595678,1.1757340302836785,7,4.499999999999992,9,7,0.7777777777777778,0.9002853695995563,100.0,2.1122731992322903,24,23,21,21,0.9130434782608695,True,
Rule Controller,2026026,d8f1ae27925d77e0,300.0,300.0,6000,2618.962101402728,2,137,0.12421241549920925,1.1999999999999549,6,8.79999999999999,10,8,0.8,1.0881234161761324,100.0,3.117887149284281,27,22,22,18,0.8181818181818182,True,
Hybrid ML Controller,2026026,d8f1ae27925d77e0,300.0,300.0,6000,2587.5901095302206,2,42,0.012838106598809462,0.41733504140763567,6,0.6,8,7,0.875,1.155097843387111,100.00000000000003,2.301054809576652,27,22,22,20,0.9090909090909091,True,
Rule Controller,2026027,5a4203c50f61ee76,300.0,300.0,6000,2439.0483116818878,2,20,0.1740079664720856,1.0783587708885873,7,0.0,10,7,0.7,0.8441198309697974,100.0,1.6065750860372625,22,22,21,19,0.8636363636363636,True,
Hybrid ML Controller,2026027,5a4203c50f61ee76,300.0,300.0,6000,2350.921630327098,2,2,2.247090841449795,1.2000000000000002,6,0.0,6,4,0.6666666666666666,0.9070856208086956,100.0,1.2635038067220883,22,21,20,19,0.9047619047619048,True,
Rule Controller,2026028,3d12efb08ddc0ef4,300.0,300.0,6000,2399.5110532945837,7,201,0.1281962193853423,0.02741170045596819,5,18.950000000000134,13,12,0.9230769230769231,1.200727777617386,100.0,3.12562479953411,24,21,21,16,0.7619047619047619,True,
Hybrid ML Controller,2026028,3d12efb08ddc0ef4,300.0,300.0,6000,2469.544401718462,0,0,0.4525592842608342,1.3876271139846987,6,4.449999999999992,5,5,1.0,0.9121748827613413,100.0,1.6767530144124745,25,21,21,21,1.0,True,
Rule Controller,2026029,5fb96ffe5b335c4a,300.0,300.0,6000,2429.661736484062,4,120,0.1364202501931013,1.1999999999999549,8,16.100000000000094,12,9,0.75,1.1639261180086253,100.0,2.7825104082076972,25,23,21,18,0.782608695652174,True,
Hybrid ML Controller,2026029,5fb96ffe5b335c4a,300.0,300.0,6000,2310.9177486675526,4,155,0.17325335514630358,1.156507241654649,7,12.000000000000036,9,6,0.6666666666666666,1.0765968849177288,100.0,2.3529465492790593,24,21,20,17,0.8095238095238095,True,
