controller,seed,manifest_id,scenario_id,scenario_type,scenario_category,primary_actor_id,actor_ids,mixed,route_position_m,encountered,evaluable,encountered_at_s,resolved_at_s,time_to_resolve_s,completed,success,collision,deadlock_duration_s,overtake_attempted,overtake_successful,minimum_ttc_s,minimum_clearance_m
Rule Controller,2026000,a50f0089e1fd1526,seed-2026000-scenario-00000,pedestrian,pedestrian,sim-001eea10-pedestrian-00000,sim-001eea10-pedestrian-00000,False,64.64870154589354,True,True,0.05,19.750000000000146,19.700000000000145,True,True,False,0.1,False,False,4.682389174510752,5.925000000000001
Rule Controller,2026000,a50f0089e1fd1526,seed-2026000-scenario-00002,slow_car,mixed,sim-001eea10-slow-car-00002,sim-001eea10-slow-car-00002|sim-001eea10-left-traffic-00002,True,210.8115047135509,True,True,26.000000000000234,34.75000000000016,8.749999999999929,True,True,False,0.0,True,False,3.443551052421008,3.3068133364308574
Rule Controller,2026000,a50f0089e1fd1526,seed-2026000-scenario-00005,stopped_car,stopped_car,sim-001eea10-stopped-car-00005,sim-001eea10-stopped-car-00005,False,474.6574919651421,True,True,43.09999999999969,67.14999999999833,24.04999999999864,True,True,False,4.199999999999993,True,True,3.806697107509087,3.118260241717093
Rule Controller,2026000,a50f0089e1fd1526,seed-2026000-scenario-00006,pedestrian,pedestrian,sim-001eea10-pedestrian-00006,sim-001eea10-pedestrian-00006,False,579.0064103159616,True,True,68.64999999999824,85.64999999999728,16.999999999999034,True,True,False,0.1,False,False,3.4093420326079973,5.3047563864111
Rule Controller,2026000,a50f0089e1fd1526,seed-2026000-scenario-00007,stopped_car,stopped_car,sim-001eea10-stopped-car-00007,sim-001eea10-stopped-car-00007,False,684.2839201238559,True,True,87.0499999999972,106.3999999999961,19.3499999999989,True,True,False,0.0,True,True,3.8288927125482486,3.1485108572641884
Rule Controller,2026000,a50f0089e1fd1526,seed-2026000-scenario-00009,truck,truck,sim-001eea10-truck-00009,sim-001eea10-truck-00009,False,862.0995151565143,True,False,116.29999999999553,,,False,False,False,0.0,True,False,5.584102910824718,38.74283876631212
Rule Controller,2026000,a50f0089e1fd1526,seed-2026000-scenario-00010,stopped_car,stopped_car,sim-001eea10-stopped-car-00010,sim-001eea10-stopped-car-00010,False,941.4449261091634,True,False,118.89999999999539,,,False,False,False,0.0,False,False,4.269213979772416,54.86707431883658
Rule Controller,2026000,a50f0089e1fd1526,seed-2026000-scenario-00011,slow_car,slow_car,sim-001eea10-slow-car-00011,sim-001eea10-slow-car-00011,False,1035.8237021331213,False,False,,,,False,False,False,0.0,False,False,,
Rule Controller,2026000,a50f0089e1fd1526,seed-2026000-scenario-00012,slow_car,slow_car,sim-001eea10-slow-car-00012,sim-001eea10-slow-car-00012,False,1106.9359281738627,False,False,,,,False,False,False,0.0,False,False,,
Rule Controller,2026000,a50f0089e1fd1526,seed-2026000-scenario-00013,stopped_car,stopped_car,sim-001eea10-stopped-car-00013,sim-001eea10-stopped-car-00013,False,1181.9629706632602,False,False,,,,False,False,False,0.0,False,False,,
Rule Controller,2026000,a50f0089e1fd1526,seed-2026000-scenario-00014,pedestrian,pedestrian,sim-001eea10-pedestrian-00014,sim-001eea10-pedestrian-00014,False,1278.416018279684,False,False,,,,False,False,False,0.0,False,False,,
Rule Controller,2026000,a50f0089e1fd1526,seed-2026000-scenario-00015,stopped_car,mixed,sim-001eea10-stopped-car-00015,sim-001eea10-stopped-car-00015|sim-001eea10-left-traffic-00015,True,1359.4219307007916,False,False,,,,False,False,False,0.0,False,False,,
Rule Controller,2026000,a50f0089e1fd1526,seed-2026000-scenario-00016,truck,truck,sim-001eea10-truck-00016,sim-001eea10-truck-00016,False,1467.244742600084,False,False,,,,False,False,False,0.0,False,False,,
Rule Controller,2026000,a50f0089e1fd1526,seed-2026000-scenario-00017,slow_car,mixed,sim-001eea10-slow-car-00017,sim-001eea10-slow-car-00017|sim-001eea10-left-traffic-00017,True,1547.9762025572702,False,False,,,,False,False,False,0.0,False,False,,
Rule Controller,2026000,a50f0089e1fd1526,seed-2026000-scenario-00018,pedestrian,pedestrian,sim-001eea10-pedestrian-00018,sim-001eea10-pedestrian-00018,False,1633.9398831534784,False,False,,,,False,False,False,0.0,False,False,,
Rule Controller,2026000,a50f0089e1fd1526,seed-2026000-scenario-00019,pedestrian,pedestrian,sim-001eea10-pedestrian-00019,sim-001eea10-pedestrian-00019,False,1714.26856713621,False,False,,,,False,False,False,0.0,False,False,,
Rule Controller,2026000,a50f0089e1fd1526,seed-2026000-scenario-00020,slow_car,slow_car,sim-001eea10-slow-car-00020,sim-001eea10-slow-car-00020,False,1802.2844993842634,False,False,,,,False,False,False,0.0,False,False,,
Rule Controller,2026000,a50f0089e1fd1526,seed-2026000-scenario-00021,stopped_car,mixed,sim-001eea10-stopped-car-00021,sim-001eea10-stopped-car-00021|sim-001eea10-left-traffic-00021,True,1898.6133541234838,False,False,,,,False,False,False,0.0,False,False,,
Hybrid ML Controller,2026000,a50f0089e1fd1526,seed-2026000-scenario-00000,pedestrian,pedestrian,sim-001eea10-pedestrian-00000,sim-001eea10-pedestrian-00000,False,64.64870154589354,True,True,0.05,19.500000000000142,19.45000000000014,True,True,False,0.1,False,False,2.529082474063543,3.6137015458937327
Hybrid ML Controller,2026000,a50f0089e1fd1526,seed-2026000-scenario-00002,slow_car,mixed,sim-001eea10-slow-car-00002,sim-001eea10-slow-car-00002|sim-001eea10-left-traffic-00002,True,210.8115047135509,True,True,25.850000000000232,34.80000000000016,8.949999999999928,True,True,False,0.0,True,False,3.410605851503151,3.2952902069683025
Hybrid ML Controller,2026000,a50f0089e1fd1526,seed-2026000-scenario-00005,stopped_car,stopped_car,sim-001eea10-stopped-car-00005,sim-001eea10-stopped-car-00005,False,474.6574919651421,True,True,44.34999999999962,65.29999999999843,20.949999999998816,True,True,False,0.8000000000000002,True,True,1.8852212278362657,1.4558649183553976
Hybrid ML Controller,2026000,a50f0089e1fd1526,seed-2026000-scenario-00006,pedestrian,pedestrian,sim-001eea10-pedestrian-00006,sim-001eea10-pedestrian-00006,False,579.0064103159616,True,True,67.39999999999831,86.39999999999723,18.99999999999892,True,True,False,0.1,False,False,4.260082015943187,5.925000000000001
Hybrid ML Controller,2026000,a50f0089e1fd1526,seed-2026000-scenario-00007,stopped_car,stopped_car,sim-001eea10-stopped-car-00007,sim-001eea10-stopped-car-00007,False,684.2839201238559,True,True,87.79999999999715,104.44999999999621,16.649999999999054,True,True,False,0.0,True,True,1.9412823011653846,1.632177805597031
Hybrid ML Controller,2026000,a50f0089e1fd1526,seed-2026000-scenario-00009,truck,truck,sim-001eea10-truck-00009,sim-001eea10-truck-00009,False,862.0995151565143,True,False,118.5999999999954,,,False,False,False,0.0,False,False,7.896464214603403,57.39495156560504
Hybrid ML Controller,2026000,a50f0089e1fd1526,seed-2026000-scenario-00010,stopped_car,stopped_car,sim-001eea10-stopped-car-00010,sim-001eea10-stopped-car-00010,False,941.4449261091634,True,False,119.99999999999532,,,False,False,False,0.0,False,False,5.380261250424721,70.31063138090363
Hybrid ML Controller,2026000,a50f0089e1fd1526,seed-2026000-scenario-00011,slow_car,slow_car,sim-001eea10-slow-car-00011,sim-001eea10-slow-car-00011,False,1035.8237021331213,False,False,,,,False,False,False,0.0,False,False,,
Hybrid ML Controller,2026000,a50f0089e1fd1526,seed-2026000-scenario-00012,slow_car,slow_car,sim-001eea10-slow-car-00012,sim-001eea10-slow-car-00012,False,1106.9359281738627,False,False,,,,False,False,False,0.0,False,False,,
Hybrid ML Controller,2026000,a50f0089e1fd1526,seed-2026000-scenario-00013,stopped_car,stopped_car,sim-001eea10-stopped-car-00013,sim-001eea10-stopped-car-00013,False,1181.9629706632602,False,False,,,,False,False,False,0.0,False,False,,
Hybrid ML Controller,2026000,a50f0089e1fd1526,seed-2026000-scenario-00014,pedestrian,pedestrian,sim-001eea10-pedestrian-00014,sim-001eea10-pedestrian-00014,False,1278.416018279684,False,False,,,,False,False,False,0.0,False,False,,
Hybrid ML Controller,2026000,a50f0089e1fd1526,seed-2026000-scenario-00015,stopped_car,mixed,sim-001eea10-stopped-car-00015,sim-001eea10-stopped-car-00015|sim-001eea10-left-traffic-00015,True,1359.4219307007916,False,False,,,,False,False,False,0.0,False,False,,
Hybrid ML Controller,2026000,a50f0089e1fd1526,seed-2026000-scenario-00016,truck,truck,sim-001eea10-truck-00016,sim-001eea10-truck-00016,False,1467.244742600084,False,False,,,,False,False,False,0.0,False,False,,
Hybrid ML Controller,2026000,a50f0089e1fd1526,seed-2026000-scenario-00017,slow_car,mixed,sim-001eea10-slow-car-00017,sim-001eea10-slow-car-00017|sim-001eea10-left-traffic-00017,True,1547.9762025572702,False,False,,,,False,False,False,0.0,False,False,,
Hybrid ML Controller,2026000,a50f0089e1fd1526,seed-2026000-scenario-00018,pedestrian,pedestrian,sim-001eea10-pedestrian-00018,sim-001eea10-pedestrian-00018,False,1633.9398831534784,False,False,,,,False,False,False,0.0,False,False,,
Hybrid ML Controller,2026000,a50f0089e1fd1526,seed-2026000-scenario-00019,pedestrian,pedestrian,sim-001eea10-pedestrian-00019,sim-001eea10-pedestrian-00019,False,1714.26856713621,False,False,,,,False,False,False,0.0,False,False,,
Hybrid ML Controller,2026000,a50f0089e1fd1526,seed-2026000-scenario-00020,slow_car,slow_car,sim-001eea10-slow-car-00020,sim-001eea10-slow-car-00020,False,1802.2844993842634,False,False,,,,False,False,False,0.0,False,False,,
Hybrid ML Controller,2026000,a50f0089e1fd1526,seed-2026000-scenario-00021,stopped_car,mixed,sim-001eea10-stopped-car-00021,sim-001eea10-stopped-car-00021|sim-001eea10-left-traffic-00021,True,1898.6133541234838,False,False,,,,False,False,False,0.0,False,False,,
Rule Controller,2026001,81cfec9ee9acb36c,seed-2026001-scenario-00000,pedestrian,pedestrian,sim-001eea11-pedestrian-00000,sim-001eea11-pedestrian-00000,False,58.55362111591535,True,True,0.05,19.150000000000137,19.100000000000136,True,True,False,0.1,False,False,6.152915394876153,5.925000000000001
Rule Controller,2026001,81cfec9ee9acb36c,seed-2026001-scenario-00001,truck,truck,sim-001eea11-truck-00001,sim-001eea11-truck-00001,False,144.97068345565668,True,True,33.850000000000215,46.09999999999952,12.249999999999304,True,True,False,0.0,True,True,2.3235688490964095,2.301697501992451
Rule Controller,2026001,81cfec9ee9acb36c,seed-2026001-scenario-00002,stopped_car,mixed,sim-001eea11-stopped-car-00002,sim-001eea11-stopped-car-00002|sim-001eea11-left-traffic-00002,True,250.06790976328458,True,True,26.800000000000246,33.05000000000026,6.250000000000014,True,True,False,0.0,True,True,1.9056989260778936,2.5963729761753767
Rule Controller,2026001,81cfec9ee9acb36c,seed-2026001-scenario-00003,truck,truck,sim-001eea11-truck-00003,sim-001eea11-truck-00003,False,353.4053485031384,True,True,37.94999999999998,49.9999999999993,12.049999999999315,True,True,False,2.4499999999999993,True,True,3.894942559922429,3.0492669246465507
Rule Controller,2026001,81cfec9ee9acb36c,seed-2026001-scenario-00004,slow_car,slow_car,sim-001eea11-slow-car-00004,sim-001eea11-slow-car-00004,False,448.44989637147273,True,True,44.6499999999996,,,False,False,False,0.0,True,False,2.623684446516959,3.625
Rule Controller,2026001,81cfec9ee9acb36c,seed-2026001-scenario-00005,slow_car,slow_car,sim-001eea11-slow-car-00005,sim-001eea11-slow-car-00005,False,547.9306202032856,True,True,51.6499999999992,,,False,False,False,0.0,False,False,9.471276190182358,42.08300522396595
Rule Controller,2026001,81cfec9ee9acb36c,seed-2026001-scenario-00006,pedestrian,pedestrian,sim-001eea11-pedestrian-00006,sim-001eea11-pedestrian-00006,False,626.6741201527262,True,True,54.84999999999902,77.39999999999775,22.549999999998725,True,True,False,0.1,False,False,,0.42500000000000027
Rule Controller,2026001,81cfec9ee9acb36c,seed-2026001-scenario-00007,stopped_car,stopped_car,sim-001eea11-stopped-car-00007,sim-001eea11-stopped-car-00007,False,701.7452518526181,True,True,75.49999999999785,82.94999999999743,7.4499999999995765,True,True,False,0.0,False,False,,3.625
Rule Controller,2026001,81cfec9ee9acb36c,seed-2026001-scenario-00009,truck,mixed,sim-001eea11-truck-00009,sim-001eea11-truck-00009|sim-001eea11-left-traffic-00009,True,907.0852276089341,False,False,,,,False,False,False,0.0,False,False,,
Rule Controller,2026001,81cfec9ee9acb36c,seed-2026001-scenario-00010,slow_car,mixed,sim-001eea11-slow-car-00010,sim-001eea11-slow-car-00010|sim-001eea11-left-traffic-00010,True,1013.6123603905837,True,False,119.34999999999536,,,False,False,False,0.0,False,False,25.70477716836116,64.18878891489992
Rule Controller,2026001,81cfec9ee9acb36c,seed-2026001-scenario-00012,slow_car,slow_car,sim-001eea11-slow-car-00012,sim-001eea11-slow-car-00012,False,1189.2794289225099,False,False,,,,False,False,False,0.0,False,False,,
Rule Controller,2026001,81cfec9ee9acb36c,seed-2026001-scenario-00013,pedestrian,pedestrian,sim-001eea11-pedestrian-00013,sim-001eea11-pedestrian-00013,False,1280.6766168691174,False,False,,,,False,False,False,0.0,False,False,,
Rule Controller,2026001,81cfec9ee9acb36c,seed-2026001-scenario-00014,truck,truck,sim-001eea11-truck-00014,sim-001eea11-truck-00014,False,1368.4747322854612,False,False,,,,False,False,False,0.0,False,False,,
Rule Controller,2026001,81cfec9ee9acb36c,seed-2026001-scenario-00015,stopped_car,stopped_car,sim-001eea11-stopped-car-00015,sim-001eea11-stopped-car-00015,False,1468.2226789478407,False,False,,,,False,False,False,0.0,False,False,,
Rule Controller,2026001,81cfec9ee9acb36c,seed-2026001-scenario-00016,stopped_car,stopped_car,sim-001eea11-stopped-car-00016,sim-001eea11-stopped-car-00016,False,1570.9052145798885,False,False,,,,False,False,False,0.0,False,False,,
Rule Controller,2026001,81cfec9ee9acb36c,seed-2026001-scenario-00017,truck,mixed,sim-001eea11-truck-00017,sim-001eea11-truck-00017|sim-001eea11-left-traffic-00017,True,1647.238882677541,False,False,,,,False,False,False,0.0,False,False,,
Rule Controller,2026001,81cfec9ee9acb36c,seed-2026001-scenario-00019,stopped_car,stopped_car,sim-001eea11-stopped-car-00019,sim-001eea11-stopped-car-00019,False,1826.1152594844223,False,False,,,,False,False,False,0.0,False,False,,
Rule Controller,2026001,81cfec9ee9acb36c,seed-2026001-scenario-00020,slow_car,mixed,sim-001eea11-slow-car-00020,sim-001eea11-slow-car-00020|sim-001eea11-left-traffic-00020,True,1913.733169539317,False,False,,,,False,False,False,0.0,False,False,,
Hybrid ML Controller,2026001,81cfec9ee9acb36c,seed-2026001-scenario-00000,pedestrian,pedestrian,sim-001eea11-pedestrian-00000,sim-001eea11-pedestrian-00000,False,58.55362111591535,True,True,0.05,19.050000000000136,19.000000000000135,True,True,False,0.1,False,False,3.176709163479156,5.146121115915513
Hybrid ML Controller,2026001,81cfec9ee9acb36c,seed-2026001-scenario-00001,truck,truck,sim-001eea11-truck-00001,sim-001eea11-truck-00001,False,144.97068345565668,True,True,41.54999999999978,53.79999999999908,12.249999999999304,True,True,False,0.0,False,False,,3.3
Hybrid ML Controller,2026001,81cfec9ee9acb36c,seed-2026001-scenario-00002,stopped_car,mixed,sim-001eea11-stopped-car-00002,sim-001eea11-stopped-car-00002|sim-001eea11-left-traffic-00002,True,250.06790976328458,True,True,29.10000000000028,37.000000000000036,7.899999999999757,True,True,False,0.0,True,True,3.0376479632501114,3.189997417837843
Hybrid ML Controller,2026001,81cfec9ee9acb36c,seed-2026001-scenario-00003,truck,truck,sim-001eea11-truck-00003,sim-001eea11-truck-00003,False,353.4053485031384,True,True,42.8499999999997,54.84999999999902,11.999999999999318,True,True,False,0.0,False,False,,3.3
Hybrid ML Controller,2026001,81cfec9ee9acb36c,seed-2026001-scenario-00004,slow_car,slow_car,sim-001eea11-slow-car-00004,sim-001eea11-slow-car-00004,False,448.44989637147273,True,True,48.64999999999937,60.14999999999872,11.499999999999346,True,False,True,0.0,False,False,,1.1999999999999549
Hybrid ML Controller,2026001,81cfec9ee9acb36c,seed-2026001-scenario-00005,slow_car,slow_car,sim-001eea11-slow-car-00005,sim-001eea11-slow-car-00005,False,547.9306202032856,True,True,55.69999999999897,115.99999999999555,60.29999999999658,True,True,False,0.0,True,True,15.04919575479749,3.625
Hybrid ML Controller,2026001,81cfec9ee9acb36c,seed-2026001-scenario-00006,pedestrian,pedestrian,sim-001eea11-pedestrian-00006,sim-001eea11-pedestrian-00006,False,626.6741201527262,True,True,57.949999999998845,76.3999999999978,18.44999999999896,True,True,False,0.1,False,False,11.43047879702461,5.925000000000001
Hybrid ML Controller,2026001,81cfec9ee9acb36c,seed-2026001-scenario-00007,stopped_car,stopped_car,sim-001eea11-stopped-car-00007,sim-001eea11-stopped-car-00007,False,701.7452518526181,True,True,74.49999999999791,83.09999999999742,8.599999999999511,True,True,False,0.0,True,True,3.01773850020342,3.1804427498536536
Hybrid ML Controller,2026001,81cfec9ee9acb36c,seed-2026001-scenario-00009,truck,mixed,sim-001eea11-truck-00009,sim-001eea11-truck-00009|sim-001eea11-left-traffic-00009,True,907.0852276089341,True,False,117.29999999999548,,,False,False,False,0.0,False,False,34.0751356205925,46.54477937479017
Hybrid ML Controller,2026001,81cfec9ee9acb36c,seed-2026001-scenario-00010,slow_car,mixed,sim-001eea11-slow-car-00010,sim-001eea11-slow-car-00010|sim-001eea11-left-traffic-00010,True,1013.6123603905837,True,False,115.94999999999555,,,False,False,False,0.0,False,False,29.28816789460772,30.61357321614892
Hybrid ML Controller,2026001,81cfec9ee9acb36c,seed-2026001-scenario-00012,slow_car,slow_car,sim-001eea11-slow-car-00012,sim-001eea11-slow-car-00012,False,1189.2794289225099,False,False,,,,False,False,False,0.0,False,False,,
Hybrid ML Controller,2026001,81cfec9ee9acb36c,seed-2026001-scenario-00013,pedestrian,pedestrian,sim-001eea11-pedestrian-00013,sim-001eea11-pedestrian-00013,False,1280.6766168691174,False,False,,,,False,False,False,0.0,False,False,,
Hybrid ML Controller,2026001,81cfec9ee9acb36c,seed-2026001-scenario-00014,truck,truck,sim-001eea11-truck-00014,sim-001eea11-truck-00014,False,1368.4747322854612,False,False,,,,False,False,False,0.0,False,False,,
Hybrid ML Controller,2026001,81cfec9ee9acb36c,seed-2026001-scenario-00015,stopped_car,stopped_car,sim-001eea11-stopped-car-00015,sim-001eea11-stopped-car-00015,False,1468.2226789478407,False,False,,,,False,False,False,0.0,False,False,,
Hybrid ML Controller,2026001,81cfec9ee9acb36c,seed-2026001-scenario-00016,stopped_car,stopped_car,sim-001eea11-stopped-car-00016,sim-001eea11-stopped-car-00016,False,1570.9052145798885,False,False,,,,False,False,False,0.0,False,False,,
Hybrid ML Controller,2026001,81cfec9ee9acb36c,seed-2026001-scenario-00017,truck,mixed,sim-001eea11-truck-00017,sim-001eea11-truck-00017|sim-001eea11-left-traffic-00017,True,1647.238882677541,False,False,,,,False,False,False,0.0,False,False,,
Hybrid ML Controller,2026001,81cfec9ee9acb36c,seed-2026001-scenario-00019,stopped_car,stopped_car,sim-001eea11-stopped-car-00019,sim-001eea11-stopped-car-00019,False,1826.1152594844223,False,False,,,,False,False,False,0.0,False,False,,
Hybrid ML Controller,2026001,81cfec9ee9acb36c,seed-2026001-scenario-00020,slow_car,mixed,sim-001eea11-slow-car-00020,sim-001eea11-slow-car-00020|sim-001eea11-left-traffic-00020,True,1913.733169539317,False,False,,,,False,False,False,0.0,False,False,,
Rule Controller,2026002,0532c34066c81ae2,seed-2026002-scenario-00000,pedestrian,pedestrian,sim-001eea12-pedestrian-00000,sim-001eea12-pedestrian-00000,False,59.01616963439754,True,True,0.05,20.400000000000155,20.350000000000154,True,True,False,0.1,False,False,7.056954064463456,5.925000000000001
Rule Controller,2026002,0532c34066c81ae2,seed-2026002-scenario-00001,stopped_car,mixed,sim-001eea12-stopped-car-00001,sim-001eea12-stopped-car-00001|sim-001eea12-left-traffic-00001,True,132.81789964042045,True,True,18.300000000000125,25.850000000000232,7.550000000000107,True,True,False,0.0,True,True,0.06664883003549099,-0.010496095343237144
Rule Controller,2026002,0532c34066c81ae2,seed-2026002-scenario-00002,slow_car,mixed,sim-001eea12-slow-car-00002,sim-001eea12-slow-car-00002|sim-001eea12-left-traffic-00002,True,231.6496326229734,True,True,28.60000000000027,37.65,9.049999999999727,True,True,False,0.0,True,True,2.1181447861002725,2.6273301300851113
Rule Controller,2026002,0532c34066c81ae2,seed-2026002-scenario-00004,truck,truck,sim-001eea12-truck-00004,sim-001eea12-truck-00004,False,419.5879821790436,True,True,43.24999999999968,,,False,False,False,0.3,True,False,2.752099587122349,7.108214271208863
Rule Controller,2026002,0532c34066c81ae2,seed-2026002-scenario-00005,stopped_car,stopped_car,sim-001eea12-stopped-car-00005,sim-001eea12-stopped-car-00005,False,519.7076642895761,True,True,47.69999999999943,68.79999999999824,21.099999999998808,True,True,False,1.6000000000000008,True,True,3.6088870192573386,3.1303202653305107
Rule Controller,2026002,0532c34066c81ae2,seed-2026002-scenario-00007,pedestrian,pedestrian,sim-001eea12-pedestrian-00007,sim-001eea12-pedestrian-00007,False,691.4927246103077,True,True,75.24999999999787,94.74999999999676,19.49999999999889,True,True,False,0.1,False,False,4.927544656539088,1.6818449157682
Rule Controller,2026002,0532c34066c81ae2,seed-2026002-scenario-00008,stopped_car,mixed,sim-001eea12-stopped-car-00008,sim-001eea12-stopped-car-00008|sim-001eea12-left-traffic-00008,True,788.4756346632224,True,False,95.44999999999672,110.64999999999586,15.199999999999136,True,False,True,5.749999999999988,True,True,0.608142003793898,1.1999999999999549
Rule Controller,2026002,0532c34066c81ae2,seed-2026002-scenario-00009,pedestrian,pedestrian,sim-001eea12-pedestrian-00009,sim-001eea12-pedestrian-00009,False,862.7082670619541,True,False,108.59999999999597,,,False,False,False,0.0,False,False,3.2415703046548354,5.560132398731639
Rule Controller,2026002,0532c34066c81ae2,seed-2026002-scenario-00010,slow_car,mixed,sim-001eea12-slow-car-00010,sim-001eea12-slow-car-00010|sim-001eea12-left-traffic-00010,True,936.1196745610206,False,False,,,,False,False,False,0.0,False,False,,
Rule Controller,2026002,0532c34066c81ae2,seed-2026002-scenario-00011,truck,truck,sim-001eea12-truck-00011,sim-001eea12-truck-00011,False,1017.2430646997694,False,False,,,,False,False,False,0.0,False,False,,
Rule Controller,2026002,0532c34066c81ae2,seed-2026002-scenario-00012,slow_car,slow_car,sim-001eea12-slow-car-00012,sim-001eea12-slow-car-00012,False,1119.6446232985802,False,False,,,,False,False,False,0.0,False,False,,
Rule Controller,2026002,0532c34066c81ae2,seed-2026002-scenario-00014,truck,truck,sim-001eea12-truck-00014,sim-001eea12-truck-00014,False,1293.8033900127525,False,False,,,,False,False,False,0.0,False,False,,
Rule Controller,2026002,0532c34066c81ae2,seed-2026002-scenario-00015,pedestrian,pedestrian,sim-001eea12-pedestrian-00015,sim-001eea12-pedestrian-00015,False,1367.4594547599797,False,False,,,,False,False,False,0.0,False,False,,
Rule Controller,2026002,0532c34066c81ae2,seed-2026002-scenario-00017,slow_car,slow_car,sim-001eea12-slow-car-00017,sim-001eea12-slow-car-00017,False,1559.1523335335316,False,False,,,,False,False,False,0.0,False,False,,
Rule Controller,2026002,0532c34066c81ae2,seed-2026002-scenario-00018,stopped_car,stopped_car,sim-001eea12-stopped-car-00018,sim-001eea12-stopped-car-00018,False,1664.6503783540948,False,False,,,,False,False,False,0.0,False,False,,
Rule Controller,2026002,0532c34066c81ae2,seed-2026002-scenario-00019,truck,truck,sim-001eea12-truck-00019,sim-001eea12-truck-00019,False,1755.6194316594708,False,False,,,,False,False,False,0.0,False,False,,
Rule Controller,2026002,0532c34066c81ae2,seed-2026002-scenario-00020,pedestrian,pedestrian,sim-001eea12-pedestrian-00020,sim-001eea12-pedestrian-00020,False,1860.7292038826015,False,False,,,,False,False,False,0.0,False,False,,
Hybrid ML Controller,2026002,0532c34066c81ae2,seed-2026002-scenario-00000,pedestrian,pedestrian,sim-001eea12-pedestrian-00000,sim-001eea12-pedestrian-00000,False,59.01616963439754,True,True,0.05,20.350000000000154,20.300000000000153,True,True,False,0.1,False,False,6.29901454399847,5.608669634397707
Hybrid ML Controller,2026002,0532c34066c81ae2,seed-2026002-scenario-00001,stopped_car,mixed,sim-001eea12-stopped-car-00001,sim-001eea12-stopped-car-00001|sim-001eea12-left-traffic-00001,True,132.81789964042045,True,True,18.200000000000124,27.10000000000025,8.900000000000126,True,True,False,0.0,True,True,0.2788282819827234,-1.875
Hybrid ML Controller,2026002,0532c34066c81ae2,seed-2026002-scenario-00002,slow_car,mixed,sim-001eea12-slow-car-00002,sim-001eea12-slow-car-00002|sim-001eea12-left-traffic-00002,True,231.6496326229734,True,True,30.450000000000298,39.49999999999989,9.049999999999596,True,True,False,0.0,False,False,18.048361923339407,3.625
Hybrid ML Controller,2026002,0532c34066c81ae2,seed-2026002-scenario-00004,truck,truck,sim-001eea12-truck-00004,sim-001eea12-truck-00004,False,419.5879821790436,True,True,44.5999999999996,,,False,False,False,0.0,True,False,6.142440512202697,20.892965312496706
Hybrid ML Controller,2026002,0532c34066c81ae2,seed-2026002-scenario-00005,stopped_car,stopped_car,sim-001eea12-stopped-car-00005,sim-001eea12-stopped-car-00005,False,519.7076642895761,True,True,48.89999999999936,68.44999999999825,19.549999999998896,True,True,False,0.0,True,True,1.9050842992642354,1.5190298917609004
Hybrid ML Controller,2026002,0532c34066c81ae2,seed-2026002-scenario-00007,pedestrian,pedestrian,sim-001eea12-pedestrian-00007,sim-001eea12-pedestrian-00007,False,691.4927246103077,True,True,78.89999999999766,101.0999999999964,22.199999999998738,True,True,False,3.099999999999997,False,False,4.46919980990959,0.42500000000000027
Hybrid ML Controller,2026002,0532c34066c81ae2,seed-2026002-scenario-00008,stopped_car,mixed,sim-001eea12-stopped-car-00008,sim-001eea12-stopped-car-00008|sim-001eea12-left-traffic-00008,True,788.4756346632224,True,False,101.79999999999636,109.39999999999593,7.599999999999568,True,False,False,0.0,False,False,33.08945819062044,3.625
Hybrid ML Controller,2026002,0532c34066c81ae2,seed-2026002-scenario-00009,pedestrian,pedestrian,sim-001eea12-pedestrian-00009,sim-001eea12-pedestrian-00009,False,862.7082670619541,True,False,107.79999999999602,,,False,False,False,0.0,False,False,10.73080742271606,6.097644815919466
Hybrid ML Controller,2026002,0532c34066c81ae2,seed-2026002-scenario-00010,slow_car,mixed,sim-001eea12-slow-car-00010,sim-001eea12-slow-car-00010|sim-001eea12-left-traffic-00010,True,936.1196745610206,False,False,,,,False,False,False,0.0,False,False,,
Hybrid ML Controller,2026002,0532c34066c81ae2,seed-2026002-scenario-00011,truck,truck,sim-001eea12-truck-00011,sim-001eea12-truck-00011,False,1017.2430646997694,False,False,,,,False,False,False,0.0,False,False,,
Hybrid ML Controller,2026002,0532c34066c81ae2,seed-2026002-scenario-00012,slow_car,slow_car,sim-001eea12-slow-car-00012,sim-001eea12-slow-car-00012,False,1119.6446232985802,False,False,,,,False,False,False,0.0,False,False,,
Hybrid ML Controller,2026002,0532c34066c81ae2,seed-2026002-scenario-00014,truck,truck,sim-001eea12-truck-00014,sim-001eea12-truck-00014,False,1293.8033900127525,False,False,,,,False,False,False,0.0,False,False,,
Hybrid ML Controller,2026002,0532c34066c81ae2,seed-2026002-scenario-00015,pedestrian,pedestrian,sim-001eea12-pedestrian-00015,sim-001eea12-pedestrian-00015,False,1367.4594547599797,False,False,,,,False,False,False,0.0,False,False,,
Hybrid ML Controller,2026002,0532c34066c81ae2,seed-2026002-scenario-00017,slow_car,slow_car,sim-001eea12-slow-car-00017,sim-001eea12-slow-car-00017,False,1559.1523335335316,False,False,,,,False,False,False,0.0,False,False,,
Hybrid ML Controller,2026002,0532c34066c81ae2,seed-2026002-scenario-00018,stopped_car,stopped_car,sim-001eea12-stopped-car-00018,sim-001eea12-stopped-car-00018,False,1664.6503783540948,False,False,,,,False,False,False,0.0,False,False,,
Hybrid ML Controller,2026002,0532c34066c81ae2,seed-2026002-scenario-00019,truck,truck,sim-001eea12-truck-00019,sim-001eea12-truck-00019,False,1755.6194316594708,False,False,,,,False,False,False,0.0,False,False,,
Hybrid ML Controller,2026002,0532c34066c81ae2,seed-2026002-scenario-00020,pedestrian,pedestrian,sim-001eea12-pedestrian-00020,sim-001eea12-pedestrian-00020,False,1860.7292038826015,False,False,,,,False,False,False,0.0,False,False,,
