run_id,profile_id,completion_reason,valid_for_analysis,target_duration_s,actual_duration_s,warmup_duration_s,packet_loss_percent,delay_ms,disconnect_at_s,disconnect_duration_s,duplicate_percent,out_of_order_percent,missing_vehicle_percent,invalid_vehicle_percent,missing_actors_percent,received_messages,transport_published_messages,applied_snapshots,rejected_contract,rejected_malformed_json,rejected_invalid,rejected_duplicate,rejected_out_of_order,stale_frame_percentage,mean_latency_ms,p95_latency_ms,mean_state_age_ms,p95_state_age_ms,mean_frame_time_ms,p95_frame_time_ms,mean_fps,recovery_elapsed_s,recovery_time_ms,maximum_recovery_jump_m,warning_count,error_count,snapshot_rows,frame_rows,source_rate_hz,source_fault_seed,source_packet_loss_percent,source_delay_ms,source_disconnect_at_s,source_disconnect_duration_s,source_duplicate_percent,source_out_of_order_percent,source_missing_vehicle_percent,source_invalid_vehicle_percent,source_missing_actors_percent,source_generated_messages,source_intentionally_dropped_messages,source_duplicate_messages_sent,source_out_of_order_messages_scheduled,source_malformed_messages_sent,valid_snapshot_count,partial_snapshot_count,mean_truth_speed_mps,presentation_delay_ms,expected_presentation_lag_distance_m,expected_injected_delay_distance_m,mean_position_error_m,p95_position_error_m,maximum_position_error_m,matched_position_frames,achieved_injected_loss_percent,matched_baseline_mean_position_error_m,baseline_adjusted_mean_position_error_m,position_error_residual_to_buffer_plus_delay_m
baseline_r01,baseline,measurement_window_complete,True,300,300.002499,30,0,0,-1,0.0,0,0,0,0,0,9065,9001,9001,0,0,0,0,0,0.0,1.21673,3.890038,17.999574,32.984018,0.974292,1.017999,1026.386386,,,,0,0,9001,307923,30.0,901,0.0,0.0,-1.0,0.0,0.0,0.0,0.0,0.0,0.0,9000,0,0,0,0,9001,0,13.900000000000004,160.0,2.2240000000000006,0.0,2.2505231755400983,2.287125692413379,3.346707180205252,307923,0.0,2.2505231755400983,0.0,0.026523175540097643
baseline_r02,baseline,measurement_window_complete,True,300,300.000957,30,0,0,-1,0.0,0,0,0,0,0,9052,9000,9000,0,0,0,0,0,0.001089,7.194106,4.130137,17.947847,33.133984,1.089249,2.813081,918.063349,77.507381,1.304626,7.380406,0,0,9000,275421,30.0,902,0.0,0.0,-1.0,0.0,0.0,0.0,0.0,0.0,0.0,9000,0,0,0,0,9000,0,13.900000000000004,160.0,2.2240000000000006,0.0,2.252443382479196,2.297197799141637,16.942975870210557,275421,0.0,2.252443382479196,0.0,0.0284433824791952
baseline_r03,baseline,measurement_window_complete,True,300,300.001762,30,0,0,-1,0.0,0,0,0,0,0,9055,9001,9001,0,0,0,0,0,0.000346,5.504796,3.290892,17.934116,32.953978,1.039108,1.933822,962.36342,134.696739,6.820679,7.165047,0,0,9001,288710,30.0,903,0.0,0.0,-1.0,0.0,0.0,0.0,0.0,0.0,0.0,9000,0,0,0,0,9001,0,13.900000000000004,160.0,2.2240000000000006,0.0,2.25367764206252,2.284087638430839,16.222440823522184,288710,0.0,2.25367764206252,0.0,0.02967764206251955
delay050_r01,delay050,measurement_window_complete,True,300,300.001583,30,0,50,-1,0.0,0,0,0,0,0,9069,9000,9000,0,0,0,0,0,0.0,51.302591,52.001011,68.194936,83.197117,0.784379,0.90737,1274.893193,,,,0,0,9000,382469,30.0,901,0.0,50.0,-1.0,0.0,0.0,0.0,0.0,0.0,0.0,9000,0,0,0,0,9000,0,13.900000000000004,160.0,2.2240000000000006,0.6950000000000002,2.946104445486758,2.9560729817406464,3.5581253492696407,382469,0.0,2.2505231755400983,0.6955812699466599,0.02710444548675739
delay050_r02,delay050,measurement_window_complete,True,300,300.00214,30,0,50,-1,0.0,0,0,0,0,0,9066,9000,9000,0,0,0,0,0,0.0,51.55325,52.736998,68.304724,83.14085,0.83318,1.700333,1200.220653,,,,0,0,9000,360068,30.0,902,0.0,50.0,-1.0,0.0,0.0,0.0,0.0,0.0,0.0,9000,0,0,0,0,9000,0,13.900000000000004,160.0,2.2240000000000006,0.6950000000000002,2.9493890713435578,2.9681253356152686,3.540544405470385,360068,0.0,2.252443382479196,0.6969456888643619,0.03038907134355695
delay050_r03,delay050,measurement_window_complete,True,300,300.002144,30,0,50,-1,0.0,0,0,0,0,0,9078,9000,9000,0,0,0,0,0,0.0,51.203194,51.774979,68.102823,83.334923,0.763409,1.614847,1309.914281,,,,0,0,9000,392976,30.0,903,0.0,50.0,-1.0,0.0,0.0,0.0,0.0,0.0,0.0,9000,0,0,0,0,9000,0,13.900000000000004,160.0,2.2240000000000006,0.6950000000000002,2.944763920827071,2.95755739150148,3.4091278674624053,392976,0.0,2.25367764206252,0.6910862787645509,0.02576392082707024
delay100_r01,delay100,measurement_window_complete,True,300,300.004196,30,0,100,-1,0.0,0,0,0,0,0,9065,9016,9016,0,0,0,0,0,0.000577,106.498833,103.1757,117.901282,133.109093,0.866951,1.707958,1153.467672,1.415581,0.797272,7.023087,0,0,9016,346661,30.0,901,0.0,100.0,-1.0,0.0,0.0,0.0,0.0,0.0,0.0,9000,0,0,0,0,9016,0,13.900000000000004,160.0,2.2240000000000006,1.3900000000000003,3.638280602672291,3.6557946968905615,17.64000734592149,346661,0.0,2.2505231755400983,1.3877574271321929,0.024280602672290152
delay100_r02,delay100,measurement_window_complete,True,300,300.005142,30,0,100,-1,0.0,0,0,0,0,0,9061,9000,9000,0,0,0,0,0,0.000649,105.04927,104.416323,118.148889,133.161163,0.973357,2.221363,1027.372456,17.795219,1.594543,7.147726,0,0,9000,308213,30.0,902,0.0,100.0,-1.0,0.0,0.0,0.0,0.0,0.0,0.0,9000,0,0,0,0,9000,0,13.900000000000004,160.0,2.2240000000000006,1.3900000000000003,3.6432119025836154,3.683799645469729,17.905869811636915,308213,0.0,2.252443382479196,1.3907685201044195,0.02921190258361439
delay100_r03,delay100,measurement_window_complete,True,300,300.008728,30,0,100,-1,0.0,0,0,0,0,0,9060,9000,9000,0,0,0,0,0,0.0,102.067757,103.986049,118.22076,133.171797,0.926006,1.805251,1079.906782,,,,0,0,9000,323977,30.0,903,0.0,100.0,-1.0,0.0,0.0,0.0,0.0,0.0,0.0,9000,0,0,0,0,9000,0,13.900000000000004,160.0,2.2240000000000006,1.3900000000000003,3.6426869247000737,3.675431086015597,11.066897639838395,323977,0.0,2.25367764206252,1.3890092826375535,0.028686924700072725
delay250_r01,delay250,measurement_window_complete,True,300,300.005936,30,0,250,-1,0.0,0,0,0,0,0,9059,9000,9000,0,0,0,0,0,0.0,251.87544,254.7346,268.355141,283.156872,0.909201,1.919576,1099.866395,,,,0,0,9000,329963,30.0,901,0.0,250.0,-1.0,0.0,0.0,0.0,0.0,0.0,0.0,9000,0,0,0,0,9000,0,13.900000000000004,160.0,2.2240000000000006,3.475000000000001,5.732818801563747,5.769149415835162,6.82610857776066,329963,0.0,2.2505231755400983,3.4822956260236486,0.03381880156374528
delay250_r02,delay250,measurement_window_complete,True,300,300.001999,30,0,250,-1,0.0,0,0,0,0,0,9065,9000,9000,0,0,0,0,0,0.0,251.888464,253.148806,268.18113,283.255601,0.847732,1.638166,1179.618079,,,,0,0,9000,353887,30.0,902,0.0,250.0,-1.0,0.0,0.0,0.0,0.0,0.0,0.0,9000,0,0,0,0,9000,0,13.900000000000004,160.0,2.2240000000000006,3.475000000000001,5.726854121449425,5.747843065341488,12.89257789982233,353887,0.0,2.252443382479196,3.4744107389702292,0.027854121449423452
delay250_r03,delay250,measurement_window_complete,True,300,300.002575,30,0,250,-1,0.0,0,0,0,0,0,9066,9000,9000,0,0,0,0,0,0.000285,254.192696,253.190482,268.103391,283.307791,0.853805,1.706374,1171.228188,228.505016,6.591797,7.405531,0,0,9000,351371,30.0,903,0.0,250.0,-1.0,0.0,0.0,0.0,0.0,0.0,0.0,9000,0,0,0,0,9000,0,13.900000000000004,160.0,2.2240000000000006,3.475000000000001,5.7262178009774365,5.745474424229554,19.601047802458204,351371,0.0,2.25367764206252,3.4725401589149163,0.02721780097743487
delay500_r01,delay500,measurement_window_complete,True,300,300.002254,30,0,500,-1,0.0,0,0,0,0,0,9071,9000,9000,0,0,0,0,0,0.0,501.22868,501.984119,518.075641,532.927036,0.758343,1.61554,1318.663796,,,,0,0,9000,395601,30.0,901,0.0,500.0,-1.0,0.0,0.0,0.0,0.0,0.0,0.0,9000,0,0,0,0,9000,0,13.900000000000004,160.0,2.2240000000000006,6.950000000000002,9.198554458908713,9.21352137072503,11.21064258042499,395601,0.0,2.2505231755400983,6.948031283368615,0.02455445890871122
delay500_r02,delay500,measurement_window_complete,True,300,300.001709,30,0,500,-1,0.0,0,0,0,0,0,9067,9000,9000,0,0,0,0,0,0.0,501.244117,502.839816,517.9719,532.917976,0.805279,0.907129,1241.805854,,,,0,0,9000,372543,30.0,902,0.0,500.0,-1.0,0.0,0.0,0.0,0.0,0.0,0.0,9000,0,0,0,0,9000,0,13.900000000000004,160.0,2.2240000000000006,6.950000000000002,9.198294993874635,9.210995257564607,10.698666846958586,372543,0.0,2.252443382479196,6.9458516113954385,0.02429499387463263
delay500_r03,delay500,measurement_window_complete,True,300,300.001163,30,0,500,-1,0.0,0,0,0,0,0,9069,9000,9000,0,0,0,0,0,0.0,501.027441,501.735926,518.24029,532.976866,0.770134,1.62491,1298.47588,,,,0,0,9000,389544,30.0,903,0.0,500.0,-1.0,0.0,0.0,0.0,0.0,0.0,0.0,9000,0,0,0,0,9000,0,13.900000000000004,160.0,2.2240000000000006,6.950000000000002,9.19677776492587,9.211403423723004,10.033372136278281,389544,0.0,2.25367764206252,6.943100122863349,0.02277776492586714
disconnect05_r01,disconnect05,measurement_window_complete,True,300,300.001465,30,0,0,120,0.5,0,0,0,0,0,9058,8985,8985,0,0,0,0,0,0.0,0.918172,1.8857,18.418122,32.786846,0.762158,1.61121,1312.063592,120.501465,1.464844,5.200895,0,0,8985,393620,30.0,901,0.0,0.0,120.0,0.5,0.0,0.0,0.0,0.0,0.0,9000,15,0,0,0,8985,0,13.900000000000004,160.0,2.2240000000000006,0.0,2.2493860056710933,2.260487533638411,7.422962488161603,393620,0.16666666666666666,2.2505231755400983,-0.001137169869005028,0.025386005671092615
disconnect05_r02,disconnect05,measurement_window_complete,True,300,300.002041,30,0,0,120,0.5,0,0,0,0,0,9055,8985,8985,0,0,0,0,0,0.000257,2.601796,1.890755,18.263928,32.820368,0.770861,1.593587,1297.250006,46.716908,0.0,7.289811,0,0,8985,389177,30.0,902,0.0,0.0,120.0,0.5,0.0,0.0,0.0,0.0,0.0,9000,15,0,0,0,8985,0,13.900000000000004,160.0,2.2240000000000006,0.0,2.249128012309369,2.259549200179699,16.243087728805197,389177,0.16666666666666666,2.252443382479196,-0.00331537016982697,0.02512801230936823
disconnect05_r03,disconnect05,measurement_window_complete,True,300,300.004417,30,0,0,120,0.5,0,0,0,0,0,9044,8986,8986,0,0,0,0,0,0.000299,3.036073,3.442764,18.403568,32.845974,0.896482,0.916879,1115.471034,120.530708,30.708313,0.018779,0,0,8986,334651,30.0,903,0.0,0.0,120.0,0.5,0.0,0.0,0.0,0.0,0.0,9000,15,0,0,0,8986,0,13.900000000000004,160.0,2.2240000000000006,0.0,2.253500068348226,2.280312772064197,16.29395930690425,334651,0.16666666666666666,2.25367764206252,-0.0001775737142941658,0.029500068348225383
disconnect1_r01,disconnect1,measurement_window_complete,True,300,300.002869,30,0,0,120,1.0,0,0,0,0,0,9042,8970,8970,0,0,0,0,0,0.012223,1.476345,1.435566,19.436839,33.022165,0.797128,1.682373,1254.502933,121.001785,1.785278,14.36661,0,0,8970,376352,30.0,901,0.0,0.0,120.0,1.0,0.0,0.0,0.0,0.0,0.0,9000,30,0,0,0,8970,0,13.900000000000004,160.0,2.2240000000000006,0.0,2.2624859097793353,2.258242981611569,14.37670540761422,376352,0.3333333333333333,2.2505231755400983,0.011962734239236994,0.03848590977933464
disconnect1_r02,disconnect1,measurement_window_complete,True,300,300.001812,30,0,0,120,1.0,0,0,0,0,0,9045,8970,8970,0,0,0,0,0,0.011424,0.781719,1.084089,19.705721,32.851982,0.761623,1.615094,1312.98606,121.000988,0.988007,14.358209,0,0,8970,393897,30.0,902,0.0,0.0,120.0,1.0,0.0,0.0,0.0,0.0,0.0,9000,30,0,0,0,8970,0,13.900000000000004,160.0,2.2240000000000006,0.0,2.2613975399881054,2.2569760284313114,14.361510082587527,393897,0.3333333333333333,2.252443382479196,0.0089541575089096,0.0373975399881048
disconnect1_r03,disconnect1,measurement_window_complete,True,300,300.002052,30,0,0,120,1.0,0,0,0,0,0,9032,8970,8970,0,0,0,0,0,0.012528,0.797471,1.073015,19.613387,32.936096,0.835178,0.919074,1197.349661,121.001289,1.289368,14.372053,0,0,8970,359206,30.0,903,0.0,0.0,120.0,1.0,0.0,0.0,0.0,0.0,0.0,9000,30,0,0,0,8970,0,13.900000000000004,160.0,2.2240000000000006,0.0,2.263571231006568,2.250576721541214,14.379664993382503,359206,0.3333333333333333,2.25367764206252,0.009893588944047682,0.03957123100656723
disconnect2_r01,disconnect2,measurement_window_complete,True,300,300.004108,30,0,0,120,2.0,0,0,0,0,0,9006,8939,8939,0,0,0,0,0,0.387861,0.921845,1.482391,25.015663,32.993078,0.794256,1.694834,1259.039967,122.000614,0.614166,28.248425,0,0,8939,377713,30.0,901,0.0,0.0,120.0,2.0,0.0,0.0,0.0,0.0,0.0,9000,60,0,0,0,8939,0,13.900000000000004,160.0,2.2240000000000006,0.0,2.3350857506113663,2.2595181909061286,28.259262762306378,377713,0.6666666666666666,2.2505231755400983,0.08456257507126796,0.11108575061136561
disconnect2_r02,disconnect2,measurement_window_complete,True,300,300.006775,30,0,0,120,2.0,0,0,0,0,0,9001,8940,8940,0,0,0,0,0,0.407213,1.943925,2.223969,25.732184,33.205986,0.896961,1.848078,1114.875355,121.994827,0.0,28.250128,0,0,8940,334469,30.0,902,0.0,0.0,120.0,2.0,0.0,0.0,0.0,0.0,0.0,9000,60,0,0,0,8940,0,13.900000000000004,160.0,2.2240000000000006,0.0,2.34212779738348,2.267855407920368,28.256020199359092,334469,0.6666666666666666,2.252443382479196,0.08968441490428436,0.11812779738347956
disconnect2_r03,disconnect2,measurement_window_complete,True,300,300.001892,30,0,0,120,2.0,0,0,0,0,0,9005,8941,8941,0,0,0,0,0,0.396127,1.022843,1.367807,25.255997,33.141851,0.856808,1.797251,1167.122462,122.000763,0.762939,28.264854,0,0,8941,350140,30.0,903,0.0,0.0,120.0,2.0,0.0,0.0,0.0,0.0,0.0,9000,60,0,0,0,8941,0,13.900000000000004,160.0,2.2240000000000006,0.0,2.338424230518755,2.2623476674940735,28.275850528545256,350140,0.6666666666666666,2.25367764206252,0.08474658845623484,0.11442423051875439
disconnect5_r01,disconnect5,measurement_window_complete,True,300,300.023132,30,0,0,120,5.0,0,0,0,0,0,8924,8850,8850,0,0,0,0,0,1.477575,1.843968,2.076995,64.03587,33.325911,0.792696,1.671584,1261.517938,124.999695,0.0,69.880653,0,0,8850,378458,30.0,901,0.0,0.0,120.0,5.0,0.0,0.0,0.0,0.0,0.0,9000,150,0,0,0,8850,0,13.900000000000004,160.0,2.2240000000000006,0.0,2.852455999059543,2.268595163670565,69.9063980174452,378458,1.6666666666666667,2.2505231755400983,0.6019328235194448,0.6284559990595424
disconnect5_r02,disconnect5,measurement_window_complete,True,300,300.002373,30,0,0,120,5.0,0,0,0,0,0,8921,8850,8850,0,0,0,0,0,1.430064,1.450266,1.4691,62.301808,33.335924,0.760811,1.610417,1314.386445,125.000282,0.282288,69.726189,0,0,8850,394318,30.0,902,0.0,0.0,120.0,5.0,0.0,0.0,0.0,0.0,0.0,9000,150,0,0,0,8850,0,13.900000000000004,160.0,2.2240000000000006,0.0,2.828850806787754,2.2595493509440954,69.73491234671091,394318,1.6666666666666667,2.252443382479196,0.5764074243085582,0.6048508067877534
disconnect5_r03,disconnect5,measurement_window_complete,True,300,300.001476,30,0,0,120,5.0,0,0,0,0,0,8916,8850,8850,0,0,0,0,0,1.439985,1.336567,1.072061,62.382891,33.406258,0.802969,1.683957,1245.378381,125.002102,2.101898,69.945091,0,0,8850,373615,30.0,903,0.0,0.0,120.0,5.0,0.0,0.0,0.0,0.0,0.0,9000,150,0,0,0,8850,0,13.900000000000004,160.0,2.2240000000000006,0.0,2.833618235585891,2.258670118167144,69.95377354505636,373615,1.6666666666666667,2.25367764206252,0.579940593523371,0.6096182355858906
duplicate_r01,duplicate,measurement_window_complete,True,60,60.001415,30,0,0,-1,0.0,5,0,0,0,0,1907,1892,1800,0,0,0,92,0,0.0,0.778561,1.077175,17.701767,32.695413,0.781556,0.910665,1279.499567,,,,92,0,1800,76771,30.0,901,0.0,0.0,-1.0,0.0,5.0,0.0,0.0,0.0,0.0,1800,0,92,0,0,1800,0,13.900000000000004,160.0,2.2240000000000006,0.0,2.2448322822092757,2.2502909716865185,2.6681124575558153,76771,0.0,2.2505231755400983,-0.005690893330822622,0.02083228220927502
invalidvehicle_r01,invalidvehicle,measurement_window_complete,True,60,60.001854,30,0,0,-1,0.0,0,0,0,5,0,1812,1801,1801,0,0,0,0,0,0.0,2.29421,3.72982,18.185627,32.98372,1.212973,5.914169,824.420393,,,,0,0,1801,49470,30.0,901,0.0,0.0,-1.0,0.0,0.0,0.0,0.0,5.0,0.0,1800,0,0,0,0,1709,92,13.900000000000004,160.0,2.2240000000000006,0.0,2.2633415963902657,2.348655471287467,2.8602137889467616,49470,0.0,2.2505231755400983,0.012818420850167378,0.03934159639026502
loss05_r01,loss05,measurement_window_complete,True,300,300.007313,30,5,0,-1,0.0,0,0,0,0,0,8633,8573,8573,0,0,0,0,0,0.000322,2.965557,1.212549,19.646066,34.938288,0.96515,1.054082,1036.108123,282.811085,3.112793,8.763567,0,0,8573,310839,30.0,901,5.0,0.0,-1.0,0.0,0.0,0.0,0.0,0.0,0.0,9000,428,0,0,0,8573,0,13.900000000000004,160.0,2.2240000000000006,0.0,2.2485372596981072,2.254594626645241,17.12790545113897,310839,4.7555555555555555,2.2505231755400983,-0.001985915841991037,0.024537259698106606
loss05_r02,loss05,measurement_window_complete,True,300,300.007748,30,5,0,-1,0.0,0,0,0,0,0,8578,8524,8524,0,0,0,0,0,0.000647,4.696199,2.965379,19.84057,37.424898,0.970803,1.82996,1030.075528,75.363659,1.625061,7.63759,0,0,8524,309024,30.0,902,5.0,0.0,-1.0,0.0,0.0,0.0,0.0,0.0,0.0,9000,477,0,0,0,8524,0,13.900000000000004,160.0,2.2240000000000006,0.0,2.249694123911577,2.2776763508560136,17.004758792123162,309024,5.3,2.252443382479196,-0.002749258567618984,0.025694123911576217
loss05_r03,loss05,measurement_window_complete,True,300,300.001625,30,5,0,-1,0.0,0,0,0,0,0,8595,8538,8538,0,0,0,0,0,0.000313,2.461333,1.135218,19.764728,36.01408,0.937705,1.582791,1066.433472,198.029472,1.144409,8.497133,0,0,8538,319931,30.0,903,5.0,0.0,-1.0,0.0,0.0,0.0,0.0,0.0,0.0,9000,462,0,0,0,8538,0,13.900000000000004,160.0,2.2240000000000006,0.0,2.2475706968735336,2.259683490410991,16.222289062614934,319931,5.133333333333334,2.25367764206252,-0.006106945188986579,0.02357069687353297
loss10_r01,loss10,measurement_window_complete,True,300,300.010864,30,10,0,-1,0.0,0,0,0,0,0,8195,8137,8137,0,0,0,0,0,0.0,0.966883,2.149105,21.420023,52.112436,0.930087,1.591582,1075.168663,,,,0,0,8137,322552,30.0,901,10.0,0.0,-1.0,0.0,0.0,0.0,0.0,0.0,0.0,9000,863,0,0,0,8137,0,13.900000000000004,160.0,2.2240000000000006,0.0,2.248422296303741,2.260546256877077,2.8394879358353777,322552,9.588888888888889,2.2505231755400983,-0.002100879236357489,0.024422296303740154
loss10_r02,loss10,measurement_window_complete,True,300,300.001541,30,10,0,-1,0.0,0,0,0,0,0,8173,8110,8110,0,0,0,0,0,0.0,1.157267,2.625299,21.437271,52.759671,0.824372,1.083599,1213.044826,,,,2,0,8110,363915,30.0,902,10.0,0.0,-1.0,0.0,0.0,0.0,0.0,0.0,0.0,9000,890,0,0,0,8110,0,13.900000000000004,160.0,2.2240000000000006,0.0,2.2470494854491814,2.261831552511868,4.838989449225656,363915,9.88888888888889,2.252443382479196,-0.005393897030014472,0.02304948544918073
loss10_r03,loss10,measurement_window_complete,True,300,300.002071,30,10,0,-1,0.0,0,0,0,0,0,8133,8071,8071,0,0,0,0,0,0.0,1.018688,2.41518,21.524647,53.342509,0.861222,0.915377,1161.141388,,,,0,0,8071,348344,30.0,903,10.0,0.0,-1.0,0.0,0.0,0.0,0.0,0.0,0.0,9000,929,0,0,0,8071,0,13.900000000000004,160.0,2.2240000000000006,0.0,2.247685669881577,2.2632335902250875,2.878715357427897,348344,10.322222222222223,2.25367764206252,-0.005991972180943161,0.023685669881576388
loss20_r01,loss20,measurement_window_complete,True,300,300.002392,30,20,0,-1,0.0,0,0,0,0,0,7288,7227,7227,0,0,0,0,0,0.000316,3.435299,2.718639,25.878948,64.904928,0.94895,1.83809,1053.796628,86.749332,1.220703,8.656964,0,0,7227,316140,30.0,901,20.0,0.0,-1.0,0.0,0.0,0.0,0.0,0.0,0.0,9000,1773,0,0,0,7227,0,13.900000000000004,160.0,2.2240000000000006,0.0,2.2493050080949937,2.2673812070381683,16.655019682308517,316140,19.7,2.2505231755400983,-0.001218167445104612,0.02530500809499303
loss20_r02,loss20,measurement_window_complete,True,300,300.002457,30,20,0,-1,0.0,0,0,0,0,0,7268,7208,7208,0,0,0,0,0,0.000916,7.228405,3.287899,25.978193,65.404356,0.916213,1.802296,1091.44925,76.982353,2.220154,8.74062,0,0,7208,327436,30.0,902,20.0,0.0,-1.0,0.0,0.0,0.0,0.0,0.0,0.0,9000,1793,0,0,0,7208,0,13.900000000000004,160.0,2.2240000000000006,0.0,2.2484530062348216,2.273430657806914,16.7187840715275,327436,19.92222222222222,2.252443382479196,-0.003990376244374261,0.02445300623482094
loss20_r03,loss20,measurement_window_complete,True,300,300.001469,30,20,0,-1,0.0,0,0,0,0,0,7238,7171,7171,0,0,0,0,0,0.0,1.164709,3.247499,26.315529,65.841126,0.891848,1.708989,1121.267885,,,,0,0,7171,336387,30.0,903,20.0,0.0,-1.0,0.0,0.0,0.0,0.0,0.0,0.0,9000,1830,0,0,0,7171,0,13.900000000000004,160.0,2.2240000000000006,0.0,2.2488372906241647,2.275204946583181,2.818590656618044,336387,20.333333333333332,2.25367764206252,-0.0048403514383554835,0.024837290624164066
missingactors_r01,missingactors,measurement_window_complete,True,60,60.000854,30,0,0,-1,0.0,0,0,0,0,5,1814,1800,1800,0,0,0,0,0,0.0,1.368863,2.9459,17.811862,32.765245,0.966291,0.995154,1034.884747,,,,0,0,1800,62094,30.0,901,0.0,0.0,-1.0,0.0,0.0,0.0,0.0,0.0,5.0,1800,0,0,0,92,1800,0,13.900000000000004,160.0,2.2240000000000006,0.0,2.2520038286468704,2.276211885401127,2.7227667457833307,62094,0.0,2.2505231755400983,0.0014806531067721451,0.02800382864686979
missingvehicle_r01,missingvehicle,measurement_window_complete,True,60,60.000488,30,0,0,-1,0.0,0,0,5,0,0,1816,1708,1708,92,0,0,0,0,0.0,0.866622,1.09067,19.542918,35.354328,0.80606,0.91267,1240.601961,,,,92,0,1708,74437,30.0,901,0.0,0.0,-1.0,0.0,0.0,0.0,5.0,0.0,0.0,1800,0,0,0,92,1708,0,13.900000000000004,160.0,2.2240000000000006,0.0,2.245238048983458,2.2507366975426355,3.6009929955120534,74437,0.0,2.2505231755400983,-0.005285126556640485,0.02123804898345716
outoforder_r01,outoforder,measurement_window_complete,True,60,60.001915,30,0,0,-1,0.0,0,5,0,0,0,1809,1801,1709,0,0,0,0,92,0.0,1.981316,3.806162,19.881665,37.02426,1.047953,5.352723,954.241372,,,,92,0,1709,57256,30.0,901,0.0,0.0,-1.0,0.0,0.0,5.0,0.0,0.0,0.0,1800,0,0,92,0,1709,0,13.900000000000004,160.0,2.2240000000000006,0.0,2.2584933124987208,2.340183627344127,3.041034083276647,57256,0.0,2.2505231755400983,0.007970136958622476,0.03449331249872012
