run_id,source_label,source_mode,nominal_rate_hz,summary_file,completed_without_error,actual_duration_s,accepted_snapshots,effective_update_rate_hz,startup_time_ms,drive_response_time_ms,mean_inter_arrival_ms,p95_inter_arrival_ms,fresh_snapshot_percentage,fresh_frame_percentage,sequence_gap_count,non_monotonic_accepted_count,mean_actor_count,maximum_actor_count,mean_frame_time_ms,p95_frame_time_ms,mean_fps,minimum_fps,warning_count,error_count
nuscenes_001,nuScenes replay,"Frame-driven replay; snapshots are canonical presentation samples, not independent sensor arrivals",nan,experiment1_nuscenes_run_001_summary.csv,true,15.004139,4504,300.183827,251.301408,0.864506,3.331748,4.833794,100,100,0,0,13.065941,17,3.33292,4.830633,300.037219,57.82116,0,0
nuscenes_002,nuScenes replay,"Frame-driven replay; snapshots are canonical presentation samples, not independent sensor arrivals",nan,experiment1_nuscenes_run_002_summary.csv,true,15.005334,4491,299.293564,279.001594,0.712872,3.341503,5.055523,100,100,0,0,13.046983,17,3.342507,5.071862,299.17663,62.271837,0,0
nuscenes_003,nuScenes replay,"Frame-driven replay; snapshots are canonical presentation samples, not independent sensor arrivals",nan,experiment1_nuscenes_run_003_summary.csv,true,15.004802,4412,294.039192,249.019027,0.821352,3.401222,4.865408,100,100,0,0,13.080236,17,3.40233,4.835856,293.916224,54.622791,0,0
nuscenes_004,nuScenes replay,"Frame-driven replay; snapshots are canonical presentation samples, not independent sensor arrivals",nan,experiment1_nuscenes_run_004_summary.csv,true,15.004341,4482,298.713555,254.490614,0.851154,3.348146,4.907608,100,100,0,0,13.062472,17,3.34921,4.916128,298.577898,32.784829,0,0
nuscenes_005,nuScenes replay,"Frame-driven replay; snapshots are canonical presentation samples, not independent sensor arrivals",nan,experiment1_nuscenes_run_005_summary.csv,true,15.004769,3684,245.521947,255.729556,0.792742,4.073723,6.061316,100,100,0,0,13.340662,17,4.076376,6.036227,245.315928,55.506976,0,0
nuscenes_006,nuScenes replay,"Frame-driven replay; snapshots are canonical presentation samples, not independent sensor arrivals",nan,experiment1_nuscenes_run_006_summary.csv,true,15.000776,4157,277.119,251.923561,0.944853,3.609096,5.06115,100,100,0,0,13.285783,17,3.611647,5.06307,276.881996,55.480183,0,0
nuscenes_007,nuScenes replay,"Frame-driven replay; snapshots are canonical presentation samples, not independent sensor arrivals",nan,experiment1_nuscenes_run_007_summary.csv,true,15.00622,4368,291.079302,254.00281,0.908852,3.43583,4.954624,100,100,0,0,13.055632,17,3.436844,4.938352,290.964588,50.964395,0,0
nuscenes_008,nuScenes replay,"Frame-driven replay; snapshots are canonical presentation samples, not independent sensor arrivals",nan,experiment1_nuscenes_run_008_summary.csv,true,15.001073,4404,293.578992,266.824484,0.951767,3.406695,4.926491,100,100,0,0,13.073115,17,3.407796,4.913751,293.44476,50.901381,0,0
nuscenes_009,nuScenes replay,"Frame-driven replay; snapshots are canonical presentation samples, not independent sensor arrivals",nan,experiment1_nuscenes_run_009_summary.csv,true,15.004658,4484,298.840529,266.631484,2.902031,3.346262,4.858685,100,100,0,0,13.061552,17,3.347748,4.841342,298.708266,56.128918,0,0
nuscenes_010,nuScenes replay,"Frame-driven replay; snapshots are canonical presentation samples, not independent sensor arrivals",nan,experiment1_nuscenes_run_010_summary.csv,true,15.001294,4468,297.84098,250.207186,0.909328,3.357906,4.8388,100,100,0,0,13.060877,17,3.359074,4.819004,297.701086,53.103678,0,0
nuscenes_011,nuScenes replay,"Frame-driven replay; snapshots are canonical presentation samples, not independent sensor arrivals",nan,experiment1_nuscenes_run_011_summary.csv,true,15.001822,4142,276.099797,250.895262,1.24836,3.622352,5.208969,100,100,0,0,13.164896,17,3.62348,5.185877,275.977799,49.644114,0,0
nuscenes_012,nuScenes replay,"Frame-driven replay; snapshots are canonical presentation samples, not independent sensor arrivals",nan,experiment1_nuscenes_run_012_summary.csv,true,15.004905,4028,268.44556,253.927231,0.952959,3.725717,5.271339,100,100,0,0,13.338133,17,3.727005,5.256436,268.311965,53.044416,0,0
nuscenes_013,nuScenes replay,"Frame-driven replay; snapshots are canonical presentation samples, not independent sensor arrivals",nan,experiment1_nuscenes_run_013_summary.csv,true,15.003214,3788,252.479229,252.988935,1.14584,3.961377,5.400467,100,100,0,0,13.320222,17,3.964295,5.357601,252.251692,56.37271,0,0
nuscenes_014,nuScenes replay,"Frame-driven replay; snapshots are canonical presentation samples, not independent sensor arrivals",nan,experiment1_nuscenes_run_014_summary.csv,true,15.004653,4511,300.64007,252.611995,0.88954,3.326639,4.863739,100,100,0,0,13.06207,17,3.327762,4.855145,300.50222,57.973802,0,0
nuscenes_015,nuScenes replay,"Frame-driven replay; snapshots are canonical presentation samples, not independent sensor arrivals",nan,experiment1_nuscenes_run_015_summary.csv,true,15.003448,4457,297.065053,259.301424,0.827551,3.366462,5.18465,100,100,0,0,13.030738,17,3.36756,5.190761,296.950939,39.82682,0,0
nuscenes_016,nuScenes replay,"Frame-driven replay; snapshots are canonical presentation samples, not independent sensor arrivals",nan,experiment1_nuscenes_run_016_summary.csv,true,15.002039,4559,303.892025,257.183075,0.931263,3.291087,4.790878,100,100,0,0,13.048695,17,3.292158,4.759783,303.75209,51.715664,0,0
nuscenes_017,nuScenes replay,"Frame-driven replay; snapshots are canonical presentation samples, not independent sensor arrivals",nan,experiment1_nuscenes_run_017_summary.csv,true,15.001853,4325,288.297715,254.536867,0.908852,3.469007,4.993439,100,100,0,0,13.052023,17,3.47016,5.014442,288.171131,47.608382,0,0
nuscenes_018,nuScenes replay,"Frame-driven replay; snapshots are canonical presentation samples, not independent sensor arrivals",nan,experiment1_nuscenes_run_018_summary.csv,true,15.003581,4539,302.527776,256.705999,3.163338,3.305424,4.829407,100,100,0,0,13.047147,17,3.307082,4.830574,302.381403,40.680452,0,0
nuscenes_019,nuScenes replay,"Frame-driven replay; snapshots are canonical presentation samples, not independent sensor arrivals",nan,experiment1_nuscenes_run_019_summary.csv,true,15.00335,4185,278.937695,254.426241,0.977755,3.585559,5.143225,100,100,0,0,13.2908,17,3.588133,5.151117,278.696492,59.162543,0,0
nuscenes_020,nuScenes replay,"Frame-driven replay; snapshots are canonical presentation samples, not independent sensor arrivals",nan,experiment1_nuscenes_run_020_summary.csv,true,15.00442,4480,298.578685,252.685666,0.983477,3.349527,4.942131,100,100,0,0,13.047321,17,3.350585,4.923793,298.455364,60.873376,0,0
simulated_001,Simulated stream,Local 30 Hz simulated UDP stream,30.0,experiment1_simulated_run_001_summary.csv,true,15.002687,450,29.994627,2805.449843,1.986027,33.33971,35.535622,100,100,0,0,1.9,2,3.127437,4.293808,319.750608,47.339515,0,0
simulated_002,Simulated stream,Local 30 Hz simulated UDP stream,30.0,experiment1_simulated_run_002_summary.csv,true,15.001897,450,29.996206,1038.950086,1.832485,33.335465,34.218025,100,100,0,0,1.408889,2,1.542913,5.818465,648.124484,7.520524,0,0
simulated_003,Simulated stream,Local 30 Hz simulated UDP stream,30.0,experiment1_simulated_run_003_summary.csv,true,15.003605,450,29.992792,872.367501,1.991987,33.33578,36.207581,100,100,0,0,2.075556,3,3.270758,5.751182,305.739566,6.251434,0,0
simulated_004,Simulated stream,Local 30 Hz simulated UDP stream,30.0,experiment1_simulated_run_004_summary.csv,true,15.004448,450,29.991107,940.650105,0.944376,33.338938,36.51638,100,100,0,0,2.673333,3,4.552002,5.71686,219.683574,32.70383,0,0
simulated_005,Simulated stream,Local 30 Hz simulated UDP stream,30.0,experiment1_simulated_run_005_summary.csv,true,15.001363,450,29.997274,838.174939,0.906944,33.334981,34.625435,100,100,0,0,1.755556,3,1.987619,5.424843,503.114492,58.17405,0,0
simulated_006,Simulated stream,Local 30 Hz simulated UDP stream,30.0,experiment1_simulated_run_006_summary.csv,true,15.003971,450,29.99206,3108.596802,1.886368,33.351683,37.919617,100,100,0,0,3.357778,5,5.116502,8.534324,195.446042,7.507134,0,0
simulated_007,Simulated stream,Local 30 Hz simulated UDP stream,30.0,experiment1_simulated_run_007_summary.csv,true,15.001337,450,29.997327,1071.411014,0.961781,33.332868,35.105324,100,100,0,0,1.288889,2,1.30961,3.453512,763.585895,42.603048,0,0
simulated_008,Simulated stream,Local 30 Hz simulated UDP stream,30.0,experiment1_simulated_run_008_summary.csv,true,15.001229,450,29.997542,907.783866,0.934362,33.336605,36.12957,100,100,0,0,2.053333,4,4.081556,5.846168,245.004613,6.898687,0,0
simulated_009,Simulated stream,Local 30 Hz simulated UDP stream,30.0,experiment1_simulated_run_009_summary.csv,true,15.002068,450,29.995865,4540.732861,1.898766,33.335924,34.605026,100,100,0,0,1.722222,3,1.970238,3.534042,507.552894,52.094429,0,0
simulated_010,Simulated stream,Local 30 Hz simulated UDP stream,30.0,experiment1_simulated_run_010_summary.csv,true,15.001757,451,30.063145,839.035869,0.943899,33.274181,38.284397,100,100,0,0,3.496674,5,5.341677,7.172341,187.207132,5.619764,0,0
simulated_011,Simulated stream,Local 30 Hz simulated UDP stream,30.0,experiment1_simulated_run_011_summary.csv,true,15.000971,450,29.998057,839.060903,1.84989,33.33471,34.197235,100,100,0,0,1.624444,2,1.772625,5.826312,564.134977,6.648137,0,0
simulated_013,Simulated stream,Local 30 Hz simulated UDP stream,30.0,experiment1_simulated_run_012_summary.csv,true,15.003609,450,29.992784,2037.893653,1.939058,33.33464,36.415291,99.777778,99.984212,0,0,1.666667,2,2.36919,3.934255,422.08512,0.959051,0,0
simulated_013,Simulated stream,Local 30 Hz simulated UDP stream,30.0,experiment1_simulated_run_013_summary.csv,true,15.000931,450,29.998139,2872.606516,1.000881,33.335794,35.741615,100,100,0,0,2.017778,3,1.893036,4.44798,528.251847,7.628946,0,0
simulated_014,Simulated stream,Local 30 Hz simulated UDP stream,30.0,experiment1_simulated_run_014_summary.csv,true,15.003232,451,30.060189,1073.289871,1.049519,33.268154,36.461258,100,100,0,0,2.660754,4,3.842605,5.125994,260.240124,7.363472,0,0
simulated_015,Simulated stream,Local 30 Hz simulated UDP stream,30.0,experiment1_simulated_run_015_summary.csv,true,15.004705,450,29.990593,1177.068114,1.069546,33.339573,35.029602,100,100,0,0,1.788889,3,4.34569,6.616422,230.113047,46.713333,0,0
simulated_016,Simulated stream,Local 30 Hz simulated UDP stream,30.0,experiment1_simulated_run_016_summary.csv,true,15.007384,451,30.051873,7905.531287,3.082275,33.260235,36.488199,100,100,0,0,2.946785,5,4.794469,8.937905,208.573677,5.419994,0,0
simulated_017,Simulated stream,Local 30 Hz simulated UDP stream,30.0,experiment1_simulated_run_017_summary.csv,true,15.003587,450,29.992828,1008.208871,1.012564,33.335064,36.121559,100,100,0,0,2.493333,4,4.44034,5.964087,225.207976,6.721994,0,0
simulated_018,Simulated stream,Local 30 Hz simulated UDP stream,30.0,experiment1_simulated_run_018_summary.csv,true,15.002843,450,29.994316,1106.005073,2.137899,33.335375,37.053871,100,100,0,0,2.822222,4,5.635136,7.099372,177.458011,31.843331,0,0
simulated_019,Simulated stream,Local 30 Hz simulated UDP stream,30.0,experiment1_simulated_run_019_summary.csv,true,15.00151,450,29.99698,876.960397,1.049519,33.34352,36.731529,100,100,0,0,2.368889,4,4.914459,8.517432,203.481203,54.720053,0,0
simulated_020,Simulated stream,Local 30 Hz simulated UDP stream,30.0,experiment1_simulated_run_020_summary.csv,true,15.004128,450,29.991747,2071.508765,1.350403,33.346626,37.751198,100,100,0,0,2.697778,5,5.173303,8.20946,193.300117,55.693748,0,0
